category,title,content
wisata,Pantai Pasir Putih Lumban Bul-bul Balige,"
Nama Tempat : Pantai Pasir Putih Lumban Bul-bul Balige

Kategori : Wisata Alam

Rating : 4,3

Alamat : 83XF+9VQ, Lumban Bulbul, Kec. Balige, Toba, Sumatera Utara

Jam Operasional : 07.00 - 21.30

Harga Tiket : 5.000 - 10.000

Status : beroperasi
"
wisata,Bukit Pahoda,"
Nama Tempat : Bukit Pahoda

Kategori : Wisata Alam

Rating : 4,6

Alamat : 82XR+J4W, Lumban Silintong, Kec. Balige, Toba, Sumatera Utara 22312

Jam Operasional : 05.00 - 17.00

Harga Tiket : Gratis

Status : beroperasi
"
wisata,Desa Wisata Silalahi Pagar Batu,"
Nama Tempat : Desa Wisata Silalahi Pagar Batu

Kategori : Wisata Alam

Rating : 5,0

Alamat : Jl. Dr. TB. Silalahi, Hinalang Bagasan, Kec. Balige, Toba, Sumatera Utara 22312

Jam Operasional : 09.00 - 17.00

Harga Tiket : Gratis

Status : beroperasi
"
wisata,Air Terjun Siboruon Balige,"
Nama Tempat : Air Terjun Siboruon Balige

Kategori : Wisata Alam

Rating : 4,7

Alamat : 73QM+VH2, Siboruon, Kec. Balige, Toba, Sumatera Utara 22312

Jam Operasional : 08.00 - 17.00

Harga Tiket : Gratis

Status : beroperasi
"
wisata,Puncak Paralayang Sibodiala,"
Nama Tempat : Puncak Paralayang Sibodiala

Kategori : Wisata Alam

Rating : 4,7

Alamat : 828R+Q2, Silalahi Pagar Batu, Kec. Balige, Toba, Sumatera Utara

Jam Operasional : 05.00 - 21.00

Harga Tiket : 5.000 - 10.000

Status : beroperasi
"
wisata,Pantai Pelangi,"
Nama Tempat : Pantai Pelangi

Kategori : Wisata Alam

Rating : 4,6

Alamat : 934X+C47 Pantai pelangi, Lumban Pea, Kec. Balige, Toba, Sumatera Utara

Jam Operasional : 07.00 - 21.30

Harga Tiket : 5.000 - 10.000

Status : beroperasi
"
wisata,Penatapan Meat Balige,"
Nama Tempat : Penatapan Meat Balige

Kategori : Wisata Alam

Rating : 4,6

Alamat : 82P4+W4H, Jl. Raya Meat, Meat, Toba, Sumatera Utara 22312

Jam Operasional : 24 jam

Harga Tiket : Gratis

Status : beroperasi
"
wisata,Tambunan Sunset Beach,"
Nama Tempat : Tambunan Sunset Beach

Kategori : Wisata Alam

Rating : 4,4

Alamat : Lumban Gaol, Kec. Balige, Toba, Sumatera Utara

Jam Operasional : 24 jam

Harga Tiket : Gratis

Status : beroperasi
"
wisata,Wisata Bukit Gibeon,"
Nama Tempat : Wisata Bukit Gibeon

Kategori : Wisata Alam

Rating : 4,5

Alamat : HXRX+84Q, UnSionggang Utara, Kec. Lumban Julu, Toba, Sumatera Utara 21174

Jam Operasional : 24 jam

Harga Tiket : 5.000 - 10.000

Status : beroperasi
"
wisata,Wisata Puncak Pangkodian,"
Nama Tempat : Wisata Puncak Pangkodian

Kategori : Wisata Alam

Rating : 4,4

Alamat : 82R5+CFX, Jl. Pangkodian, Lintong Nihuta, Kec. Tampahan, Toba, Sumatera Utara 22312

Jam Operasional : 24 jam

Harga Tiket : 5.000 - 10.000

Status : beroperasi
"
wisata,Bukit Tara Bunga,"
Nama Tempat : Bukit Tara Bunga

Kategori : Wisata Alam

Rating : 4,5

Alamat : 82V8+RW6, Lintong Nihuta, Kec. Tampahan, Toba, Sumatera Utara 22312

Jam Operasional : 24 jam

Harga Tiket : 5.000 - 10.000

Status : beroperasi
"
wisata,Air Terjun Sampuran,"
Nama Tempat : Air Terjun Sampuran

Kategori : Wisata Alam

Rating : 4,3

Alamat : 74GV+3G3, Huta Namora, Kec. Balige, Toba, Sumatera Utara 22312

Jam Operasional : 24 jam

Harga Tiket : Gratis

Status : beroperasi
"
wisata,Geosite Sipinsur,"
Nama Tempat : Geosite Sipinsur

Kategori : Wisata Alam

Rating : 4,6

Alamat : Parulohan, Kec. Paranginan, Kabupaten Humbang Hasundutan, Sumatera Utara 22476

Jam Operasional : 07.00 - 23.00

Harga Tiket : 5.000 - 10.000

Status : beroperasi
"
wisata,Wisata Rumah Pohon,"
Nama Tempat : Wisata Rumah Pohon

Kategori : Wisata Alam

Rating : 4,5

Alamat : 922G+H4F, Jl. Raya TaraBunga, Tara Bunga, Kec. Tampahan, Toba, Sumatera Utara 22312

Jam Operasional : 24 jam

Harga Tiket : 5.000 - 10.000

Status : beroperasi
"
wisata,Air Terjun Situmurun,"
Nama Tempat : Air Terjun Situmurun

Kategori : Wisata Alam

Rating : 4,6

Alamat : Jonggi Nihuta, Hatinggian, Kec. Lumban Julu, Toba, Sumatera Utara 22386

Jam Operasional : 08.00 - 17.00

Harga Tiket : 5.000 - 10.000

Status : beroperasi
"
wisata,Batu Basiha,"
Nama Tempat : Batu Basiha

Kategori : Wisata Alam

Rating : 4,5

Alamat : 825R+VFP, Silalahi Pagar Batu, Kec. Balige, Toba, Sumatera Utara 22312

Jam Operasional : 24 jam

Harga Tiket : Gratis

Status : beroperasi
"
wisata,Air Terjun Sigura-Gura,"
Nama Tempat : Air Terjun Sigura-Gura

Kategori : Wisata Alam

Rating : 4,4

Alamat : H833+VRV, Halado, Kec. Pintu Pohan Merant, Toba, Sumatera Utara 21274

Jam Operasional : 24 jam

Harga Tiket : 10.000 - 20.000

Status : beroperasi
"
wisata,Puncak Huta Ginjang,"
Nama Tempat : Puncak Huta Ginjang

Kategori : Wisata Alam

Rating : 4,7

Alamat : 8X7C+WCJ, Sitanggor, Kec. Muara, Kabupaten Tapanuli Utara, Sumatera Utara 22476

Jam Operasional : 24 jam

Harga Tiket : 5.000 - 10.000

Status : beroperasi
"
wisata,Pantai Parparean 2,"
Nama Tempat : Pantai Parparean 2

Kategori : Wisata Alam

Rating : 4,5

Alamat : C4MX+F73, Jl. Lintas Sumatera, Patane V, Kec. Porsea, Toba, Sumatera Utara 22384

Jam Operasional : 08.00 - 18.00

Harga Tiket : 5.000 - 10.000

Status : beroperasi
"
wisata,Boli Boli Hot Spring,"
Nama Tempat : Boli Boli Hot Spring

Kategori : Wisata Alam

Rating : 4,2

Alamat : Situmeang Hasundutan, Kec. Sipoholon, Kabupaten Tapanuli Utara, Sumatera Utara 22452

Jam Operasional : 24 jam

Harga Tiket : 70000

Status : beroperasi
"
wisata,Bukit Senyum,"
Nama Tempat : Bukit Senyum

Kategori : Wisata Alam

Rating : 4,7

Alamat : JWPC+8C4, Motung, Kec. Ajibata, Toba, Sumatera Utara

Jam Operasional : 24 jam

Harga Tiket : Gratis

Status : beroperasi
"
wisata,Bukit Tara Bunga,"
Nama Tempat : Bukit Tara Bunga

Kategori : Wisata Alam

Rating : 4,5

Alamat : 82V8+RW6, Lintong Nihuta, Kec. Tampahan, Toba, Sumatera Utara 22312

Jam Operasional : 24 jam

Harga Tiket : 5.000 - 10.000

Status : beroperasi
"
wisata,Panorama Adian Nalambok,"
Nama Tempat : Panorama Adian Nalambok

Kategori : Wisata Alam

Rating : 4.4

Alamat : 8247+X8, Jl. Lintas Sumatera No.126, Gurgur Aek Raja, Kec. Tampahan, Toba, Sumatera Utara 22312

Jam Operasional : 08.00 - 21.00

Harga Tiket : Gratis

Status : beroperasi
"
wisata,Arung Jeram Desa Parhitean,"
Nama Tempat : Arung Jeram Desa Parhitean

Kategori : Wisata Alam

Rating : 5

Alamat : H86V+CM, Jalan Lintas Sigura - Gura, Parhitean, North Meranti, Pintu Pohan Merant, Toba, North Sumatra 21274

Jam Operasional : 09.00 - 17.00

Harga Tiket : Gratis

Status : beroperasi
"
wisata,Pantai Lumban Silintong,"
Nama Tempat : Pantai Lumban Silintong

Kategori : Wisata Alam

Rating : 5

Alamat : 83R2+F4, Lumban Silintong, Kec. Balige, Sumatera Utara

Jam Operasional : 24 jam

Harga Tiket : Gratis

Status : beroperasi
"
wisata,Pantai Pakkodian Tampahan,"
Nama Tempat : Pantai Pakkodian Tampahan

Kategori : Wisata Alam

Rating : 4.5

Alamat : 82Q7+R9, Danau Toba, Lintong Nihuta, Kec. Tampahan, Toba, Sumatera Utara 22312

Jam Operasional : 24 jam

Harga Tiket : Gratis

Status : beroperasi
"
wisata,Wisata Alam Fishing-Camp Siarubung,"
Nama Tempat : Wisata Alam Fishing-Camp Siarubung

Kategori : Wisata Alam

Rating : 4.9

Alamat : HM76+88, Turpuk Limbong, Kec. Harian, Kabupaten Samosir, Sumatera Utara

Jam Operasional : 24 jam

Harga Tiket : 10.000 - 50.000

Status : beroperasi
"
wisata,Air Terjun Binanga Bolon,"
Nama Tempat : Air Terjun Binanga Bolon

Kategori : Wisata Alam

Rating : 4.6

Alamat : RPWH+FG , Pua Dolok, Kec. Pua, Kabupaten Simalungun, Sumatera Utara 21165

Jam Operasional : 24 jam

Harga Tiket : Gratis

Status : beroperasi
"
wisata,Air Terjun Sigarattung,"
Nama Tempat : Air Terjun Sigarattung

Kategori : Wisata Alam

Rating : 4.5

Alamat : JV67+2MF, Tomok, Simanindo, Kabupaten Samosir, Sumatera Utara 22395

Jam Operasional : 24 jam

Harga Tiket : 5.000 - 10.000

Status : beroperasi
"
wisata,Batu Marhosa,"
Nama Tempat : Batu Marhosa

Kategori : Wisata Alam

Rating : 4.2

Alamat : JV39+M62, Jl. Pulau Samosir, Tomok, Simanindo, Kabupaten Samosir, Sumatera Utara 22395

Jam Operasional : 24 jam

Harga Tiket : Gratis

Status : beroperasi
"
wisata,Danau Sidihoni,"
Nama Tempat : Danau Sidihoni

Kategori : Wisata Alam

Rating : 4.4

Alamat : Salaon Toba, Kec. Ronggur Nihuta, Kabupaten Samosir, Sumatera Utara

Jam Operasional : 24 jam

Harga Tiket : Gratis

Status : beroperasi
"
wisata,Bukit Sidihoni,"
Nama Tempat : Bukit Sidihoni

Kategori : Wisata Alam

Rating : 4.6

Alamat : JP4X+3HP, Sidihoni atas, Salaon Toba, Kec. Ronggur Nihuta, Kabupaten Samosir, Sumatera Utara 22392

Jam Operasional : 24 jam

Harga Tiket : 5.000 - 10.000

Status : beroperasi
"
wisata,Cottage Aek Tawar Sari,"
Nama Tempat : Cottage Aek Tawar Sari

Kategori : Wisata Alam

Rating : 4.8

Alamat : HQQJ+8H Ronggur Nihuta, Kabupaten Samosir, Sumatera Utara

Jam Operasional : 24 jam

Harga Tiket : Gratis

Status : beroperasi
"
wisata,Panorama Lembah Bakara,"
Nama Tempat : Panorama Lembah Bakara

Kategori : Wisata Alam

Rating : 5

Alamat : 8VR5+VP, Huta Lontung, Kec. Muara, Kabupaten Tapanuli Utara, Sumatera Utara

Jam Operasional : 24 jam

Harga Tiket : Gratis

Status : beroperasi
"
wisata,Bukit Simargulang Ombun,"
Nama Tempat : Bukit Simargulang Ombun

Kategori : Wisata Alam

Rating : 4.4

Alamat : GP4Q+GG6, Tamba Dolok, Kec. Sitio-Tio, Kabupaten Samosir, Sumatera Utara

Jam Operasional : 24 jam

Harga Tiket : 5.000 - 10.000

Status : beroperasi
"
wisata,Bukit Sipatungan,"
Nama Tempat : Bukit Sipatungan

Kategori : Wisata Alam

Rating : 4.5

Alamat : CQGV+X8C, Sabulan, Kec. Sitio-Tio, Kabupaten Samosir, Sumatera Utara

Jam Operasional : 24 jam

Harga Tiket : Gratis

Status : beroperasi
"
wisata,Air Terjun Sitapigagan,"
Nama Tempat : Air Terjun Sitapigagan

Kategori : Wisata Alam

Rating : 4.5

Alamat : JJQ5+QR, Bonan Dolok, Kec. Sianjur Mula Mula, Kabupaten Samosir, Sumatera Utara 22396

Jam Operasional : 09.00 - 17.00

Harga Tiket : Gratis

Status : beroperasi
"
wisata,Singgolom,"
Nama Tempat : Singgolom

Kategori : Wisata Alam

Rating : 4.8

Alamat : Jl. Singgolom Raya, Lintong Nihuta, Kec. Tampahan, Toba, Sumatera Utara 22312 82V9+43

Jam Operasional : 24 jam

Harga Tiket : Gratis

Status : beroperasi
"
wisata,Puncak Panorama Aek Nauli,"
Nama Tempat : Puncak Panorama Aek Nauli

Kategori : Wisata Alam

Rating : 4.6

Alamat : PW5J+F55, Sibaganding, Kec. Girsang Sipangan Bolon, Kabupaten Simalungun, Sumatera Utara 21174

Jam Operasional : 24 jam

Harga Tiket : Gratis

Status : beroperasi
"
wisata,Pusat Informasi Toba Caldera UNESCO Global Geopark,"
Nama Tempat : Pusat Informasi Toba Caldera UNESCO Global Geopark

Kategori : Wisata Alam

Rating : 4.6

Alamat : HJVM+CCF, Sigulatti, Sarimarrihit, Kec. Sianjur Mula Mula, Kabupaten Samosir, Sumatera Utara 22396

Jam Operasional : 09.00 - 17.00

Harga Tiket : 10000

Status : beroperasi
"
wisata,Caldera toba nomadic escape (glamour camping),"
Nama Tempat : Caldera toba nomadic escape (glamour camping)

Kategori : Wisata Alam

Rating : 4.5

Alamat : JW5W+4CX, Pardamean Sibisa, Kec. Ajibata, Toba, Sumatera Utara 22386

Jam Operasional : 07.00 - 18.00

Harga Tiket : 5.000 - 40.000

Status : beroperasi
"
wisata,Bukit Holbung,"
Nama Tempat : Bukit Holbung

Kategori : Wisata Alam

Rating : 4.7

Alamat : Hariara Pohan, Kec. Harian, Kabupaten Samosir, Sumatera Utara GMJX+45

Jam Operasional : 24 jam

Harga Tiket : 5.000 - 15.000

Status : beroperasi
"
wisata,Batu lihi star,"
Nama Tempat : Batu lihi star

Kategori : Wisata Alam

Rating : 4.3

Alamat : QRHC+G25, Jl. Pematang Pua - Parapat, Pematang Tambun Raya, Kec. Pematang Sidamanik, Kabupaten Simalungun, Sumatera Utara 21186

Jam Operasional : 10.00 - 19.15

Harga Tiket : 5.000 - 10.000

Status : beroperasi
"
wisata,Batu Maroppa,"
Nama Tempat : Batu Maroppa

Kategori : Wisata Alam

Rating : 4.5

Alamat : FPJ8+C6P, Tamba Dolok, Kec. Sitio-Tio, Kabupaten Samosir, Sumatera Utara 22391

Jam Operasional : 24 jam

Harga Tiket : Gratis

Status : beroperasi
"
wisata,Togaraja,"
Nama Tempat : Togaraja

Kategori : Wisata Alam

Rating : 4.7

Alamat : GMJ3+24, Partungko Naginjang, Kec. Harian, Kabupaten Samosir, Sumatera Utara 22391

Jam Operasional : 24 jam

Harga Tiket : 5.000 - 15.000

Status : beroperasi
"
wisata,Pantai Pulo Tao,"
Nama Tempat : Pantai Pulo Tao

Kategori : Wisata Alam

Rating : 4.5

Alamat : Sitalolo No.Desa, Cinta Dame, Simanindo, Samosir Regency, North Sumatra 22395 QP4M+PR

Jam Operasional : 09.00 - 17.30

Harga Tiket : Gratis

Status : beroperasi
"
wisata,Desa Wisata Sigapiton,"
Nama Tempat : Desa Wisata Sigapiton

Kategori : Wisata Alam

Rating : 4.6

Alamat : JW2H+4QP, Unnamed Road, Motung, Ajibata, Toba, North Sumatra 22386

Jam Operasional : 07.00 - 18.00

Harga Tiket : Gratis

Status : beroperasi
"
wisata,Menara Pandang Simanindo,"
Nama Tempat : Menara Pandang Simanindo

Kategori : Wisata Alam

Rating : 4.5

Alamat : PQX2+656, Simanindo Sangkal, Simanindo, Kabupaten Samosir, Sumatera Utara

Jam Operasional : 24 jam

Harga Tiket : 5.000 - 7.000

Status : beroperasi
"
wisata,Bukit Burung,"
Nama Tempat : Bukit Burung

Kategori : Wisata Alam

Rating : 4.8

Alamat : JMJ3+MXF, Siboro, Kec. Sianjur Mula Mula, Kabupaten Samosir, Sumatera Utara

Jam Operasional : 24 jam

Harga Tiket : Gratis

Status : beroperasi
"
wisata,Air Terjun Tombak Pangaribuan,"
Nama Tempat : Air Terjun Tombak Pangaribuan

Kategori : Wisata Alam

Rating : 4

Alamat : GRJ8+JPW, Palipi, Kec. Palipi, Kabupaten Samosir, Sumatera Utara 22393

Jam Operasional : 24 jam

Harga Tiket : Gratis

Status : beroperasi
"
wisata,Pantai Silalahi,"
Nama Tempat : Pantai Silalahi

Kategori : Wisata Alam

Rating : 4.4

Alamat : QGVH+V4Q, Silalahi III, Kec. Silahsabungan, Kabupaten Dairi, Sumatera Utara

Jam Operasional : 08.00 - 20.00

Harga Tiket : Gratis

Status : beroperasi
"
wisata,Aek Rangat Pangururan,"
Nama Tempat : Aek Rangat Pangururan

Kategori : Wisata Alam

Rating : 4.3

Alamat : JM9G+F6 Aek Rangat, Kec. Pangururan, Kabupaten Samosir, Sumatera Utara 22392

Jam Operasional : 24 jam

Harga Tiket : 10.000 - 15.000

Status : beroperasi
"
wisata,PENATAPAN PARHALLOW SIGARANTUNG,"
Nama Tempat : PENATAPAN PARHALLOW SIGARANTUNG

Kategori : Wisata Alam

Rating : 4.6

Alamat : JV8C+WWW, Tomok, Simanindo, Kabupaten Samosir, Sumatera Utara 22395

Jam Operasional : 08.00 - 23.00

Harga Tiket : Gratis

Status : beroperasi
"
wisata,Batu Gantung,"
Nama Tempat : Batu Gantung

Kategori : Wisata Alam

Rating : 4.5

Alamat : MWQF+9P3 Lake Toba, Kabupaten Simalungun, Sumatera Utara 21174

Jam Operasional : 09.30 - 17.30

Harga Tiket : 15.000 - 20.000

Status : beroperasi
"
wisata,Gunung Pusuk Buhit,"
Nama Tempat : Gunung Pusuk Buhit

Kategori : Wisata Alam

Rating : 4.7

Alamat : JM22+6J8, Ginolat, Kec. Sianjur Mula Mula, Kabupaten Samosir, Sumatera Utara 22396

Jam Operasional : 24 jam

Harga Tiket : Gratis

Status : beroperasi
"
wisata,Bukit Sipolha,"
Nama Tempat : Bukit Sipolha

Kategori : Wisata Alam

Rating : 4.6

Alamat : PVM5+XP3 Bukit Sipolha, Sipolha Horison, Pematang Sidamanik, Simalungun Regency, North Sumatra 21186

Jam Operasional : 24 jam

Harga Tiket : 5.000 - 10.000

Status : beroperasi
"
wisata,Air Terjun Janji,"
Nama Tempat : Air Terjun Janji

Kategori : Wisata Alam

Rating : 4.6

Alamat : 8RQ8+Q8 Tipang, Kec. Bakti Raja, Kabupaten Humbang Hasundutan, Sumatera Utara 22457

Jam Operasional : 24 jam

Harga Tiket : Sukarela

Status : beroperasi
"
wisata,Gua Liang Sipege,"
Nama Tempat : Gua Liang Sipege

Kategori : Wisata Budaya / Sejarah

Rating : 4,8

Alamat : 8452+FP3, Hutagaol Peatalun, Kec. Balige, Toba, Sumatera Utara 22312

Jam Operasional : 24 jam

Harga Tiket : Gratis

Status : beroperasi
"
wisata,Monumen Raja SONAKMALELA,"
Nama Tempat : Monumen Raja SONAKMALELA

Kategori : Wisata Budaya / Sejarah

Rating : 4,4

Alamat : 83M8+MMM, Napitupulu Bagasan, Kec. Balige, Toba, Sumatera Utara

Jam Operasional : 24 jam

Harga Tiket : Gratis

Status : beroperasi
"
wisata,Makam Sisingamangaraja XII,"
Nama Tempat : Makam Sisingamangaraja XII

Kategori : Wisata Budaya / Sejarah

Rating : 4,5

Alamat : 82JX+8Q3, Silalahi Pagar Batu, Kec. Balige, Toba, Sumatera Utara 22312

Jam Operasional : 24 jam

Harga Tiket : Gratis

Status : beroperasi
"
wisata,Desa Adat Ragi Hotang,"
Nama Tempat : Desa Adat Ragi Hotang

Kategori : Wisata Budaya / Sejarah

Rating : 4,5

Alamat : 8293+6WP, Meat, Kec. Tampahan, Toba, Sumatera Utara 22312

Jam Operasional : 24 jam

Harga Tiket : Gratis

Status : beroperasi
"
wisata,Monumen Perang Dunia II,"
Nama Tempat : Monumen Perang Dunia II

Kategori : Wisata Budaya / Sejarah

Rating : 4.2

Alamat : C5V4+8FW, Jl. Porsea, Ps. Porsea, Kec. Porsea, Toba, Sumatera Utara 22384

Jam Operasional : 24 jam

Harga Tiket : Gratis

Status : beroperasi
"
wisata,Monumen D.I. Panjaitan,"
Nama Tempat : Monumen D.I. Panjaitan

Kategori : Wisata Budaya / Sejarah

Rating : 4.8

Alamat : 83M7+RJ4, Napitupulu Bagasan, Kec. Balige, Toba, Sumatera Utara

Jam Operasional : 24 jam

Harga Tiket : Gratis

Status : tutup
"
wisata,Mual Sipangolu (Mual Sisingamangaraja),"
Nama Tempat : Mual Sipangolu (Mual Sisingamangaraja)

Kategori : Wisata Budaya / Sejarah

Rating : 4.9

Alamat : 8RFW+HF7, Jl. Muara Aek Sipangolu, Simangulampe, Kec. Bakti Raja, Kabupaten Humbang Hasundutan, Sumatera Utara 22457

Jam Operasional : 24 jam

Harga Tiket : Gratis

Status : beroperasi
"
wisata,Mual Sirambe,"
Nama Tempat : Mual Sirambe

Kategori : Wisata Budaya / Sejarah

Rating : 4.6

Alamat : 84WF+FRV, Sitangkola, Kec. Laguboti, Toba, Sumatera Utara 22381

Jam Operasional : 24 jam

Harga Tiket : Gratis

Status : beroperasi
"
wisata,Desa Wisata Tomok Parsaoran,"
Nama Tempat : Desa Wisata Tomok Parsaoran

Kategori : Wisata Budaya / Sejarah

Rating : 4.3

Alamat : Jl. Makam Sidabutar Jalan, Tomok, Simanindo, Kabupaten Samosir, Sumatera Utara 22395 MV26+PC

Jam Operasional : 24 jam

Harga Tiket : 10.000 - 30.000

Status : beroperasi
"
wisata,Kampung Ulos Hutaraja,"
Nama Tempat : Kampung Ulos Hutaraja

Kategori : Wisata Budaya / Sejarah

Rating : 4.6

Alamat : Kampung ulos, Huta Bolon, Kec. Pangururan, Kabupaten Samosir, Sulawesi Utara 22392 MM7Q+HJ

Jam Operasional : 08.00 - 17.00

Harga Tiket : Gratis

Status : beroperasi
"
wisata,Patung Sigalegale,"
Nama Tempat : Patung Sigalegale

Kategori : Wisata Budaya / Sejarah

Rating : 4.6

Alamat : MV26+P8P, Tomok, Simanindo, Kabupaten Samosir, Sumatera Utara 22395

Jam Operasional : 08.00 - 19.00

Harga Tiket : 5.000 - 10.000

Status : beroperasi
"
wisata,Istana Raja Sisingamangaraja,"
Nama Tempat : Istana Raja Sisingamangaraja

Kategori : Wisata Budaya / Sejarah

Rating : 4.6

Alamat : 8R47+82P, Simamora, Kec. Bakti Raja, Kabupaten Humbang Hasundutan, Sumatera Utara 22457

Jam Operasional : 24 jam

Harga Tiket : 5.000 - 10.000

Status : beroperasi
"
wisata,Batu Kursi Raja Siallagan ( Stone Chair of King Siallagan ),"
Nama Tempat : Batu Kursi Raja Siallagan ( Stone Chair of King Siallagan )

Kategori : Wisata Budaya / Sejarah

Rating : 4.5

Alamat : Siallagan Pindaraya, Jl. Lkr. Tuktuk, Simanindo, Kabupaten Samosir, Sumatera Utara 22395 MRHP+JC

Jam Operasional : 08.00 - 18.00

Harga Tiket : 10.000 - 25.000

Status : beroperasi
"
wisata,Sopo Guru Tatea Bulan | ᯘᯬᯇᯬ ᯎᯮᯒᯮ ᯖᯖᯩᯀ ᯅᯮᯞᯉ᯲,"
Nama Tempat : Sopo Guru Tatea Bulan | ᯘᯬᯇᯬ ᯎᯮᯒᯮ ᯖᯖᯩᯀ ᯅᯮᯞᯉ᯲

Kategori : Wisata Budaya / Sejarah

Rating : 4.7

Alamat : HJRJ+Q7R, Sarimarrihit, Kec. Sianjur Mula Mula, Kabupaten Samosir, Sumatera Utara 22396

Jam Operasional : 24 jam

Harga Tiket : 5.000 - 10.000

Status : beroperasi
"
wisata,Rumah Pesanggrahan Bung Karno,"
Nama Tempat : Rumah Pesanggrahan Bung Karno

Kategori : Wisata Budaya / Sejarah

Rating : 4.6

Alamat : Pantai mercusuar, Parapat, Kec. Girsang Sipangan Bolon, Kabupaten Simalungun, Sumatera Utara 21174 MW8G+5H

Jam Operasional : 09.00 - 17.00

Harga Tiket : Gratis

Status : beroperasi
"
wisata,Museum Huta Bolon Simanindo,"
Nama Tempat : Museum Huta Bolon Simanindo

Kategori : Wisata Budaya / Sejarah

Rating : 4.2

Alamat : QP2V+VJX, Jalan Pelabuhan, Simanindo Sangkal, Simanindo, Samosir Regency, North Sumatra 22395

Jam Operasional : 08.00 - 17.00

Harga Tiket : 10.000 - 20.000

Status : beroperasi
"
wisata,Tugu Toga Aritonang,"
Nama Tempat : Tugu Toga Aritonang

Kategori : Wisata Budaya / Sejarah

Rating : 4.5

Alamat : 8WQR+RQ Desa, Dolok Martumbur, Kec. Muara, Kabupaten Tapanuli Utara, Sumatera Utara 22476

Jam Operasional : 24 jam

Harga Tiket : Gratis

Status : beroperasi
"
wisata,Pemandian Aek Sipitu Dai,"
Nama Tempat : Pemandian Aek Sipitu Dai

Kategori : Wisata Budaya / Sejarah

Rating : 4.3

Alamat : HJHX+F2X, Aek Sipitudai, Kec. Sianjur Mula Mula, Kabupaten Samosir, Sumatera Utara 22396

Jam Operasional : 06.00 - 23.00

Harga Tiket : 10000

Status : beroperasi
"
wisata,Labersa Toba Fantasi Waterpark,"
Nama Tempat : Labersa Toba Fantasi Waterpark

Kategori : Wisata Buatan

Rating : 3,7

Alamat : Jl. Saribu Raja, Saribu Raja Janji Maria, Kec. Balige, Toba, Sumatera Utara

Jam Operasional : 09.00 - 18.00

Harga Tiket : 40.000 - 50.000

Status : beroperasi
"
wisata,TB Silalahi Swimming Pool,"
Nama Tempat : TB Silalahi Swimming Pool

Kategori : Wisata Buatan

Rating : 4,0

Alamat : 82MW+RWJ, Silalahi Pagar Batu, Kec. Balige, Toba, Sumatera Utara 22312

Jam Operasional : 09.00 - 18.00

Harga Tiket : 15.000 - 20.000

Status : beroperasi
"
wisata,Taman Eden 100,"
Nama Tempat : Taman Eden 100

Kategori : Wisata Rohani

Rating : 4,5

Alamat : Ps. Lumban Julu, Kec. Lumban Julu, Toba, Sumatera Utara 22386

Jam Operasional : 08.00 - 18.00

Harga Tiket : 7.500 - 15.000

Status : beroperasi
"
wisata,Bukit Doa,"
Nama Tempat : Bukit Doa

Kategori : Wisata Rohani

Rating : 4,5

Alamat : 8X7J+W4F, Huta Ginjang, Kec. Muara, Kabupaten Tapanuli Utara, Sumatera Utara 22476

Jam Operasional : 24 jam

Harga Tiket : Gratis

Status : beroperasi
"
wisata,Makam DR. I.L. Nommensen,"
Nama Tempat : Makam DR. I.L. Nommensen

Kategori : Wisata Rohani

Rating : 4.5

Alamat : 95W4+39V, Sigumpar Dangsina, Kec. Sigumpar, Toba, Sumatera Utara 22384

Jam Operasional : 24 jam

Harga Tiket : Gratis

Status : beroperasi
"
wisata,Gereja Tua HKBP SIgumpar,"
Nama Tempat : Gereja Tua HKBP SIgumpar

Kategori : Wisata Rohani

Rating : 4.7

Alamat : Jln.Pdt.DR.IL.NOMMENSEN no.1 Sigumpar, Sigumpar Dangsina, Kec. Sigumpar, Toba, Sumatera Utara 22384 95V4+WX

Jam Operasional : 24 jam

Harga Tiket : Gratis

Status : beroperasi
"
wisata,Gereja Tua HKBP Balige,"
Nama Tempat : Gereja Tua HKBP Balige

Kategori : Wisata Rohani

Rating : 4.7

Alamat : 83J8+8XW, Jl. Gereja, Balige III, Kec. Balige, Toba, Sumatera Utara 22314

Jam Operasional : 10.00 - 16.00

Harga Tiket : Gratis

Status : beroperasi
"
wisata,Taman Wisata Iman Dairi,"
Nama Tempat : Taman Wisata Iman Dairi

Kategori : Wisata Rohani

Rating : 4.3

Alamat : Jalan Sidikalang - Medan No.5, Sitinjo, Kec. Sitinjo, Kabupaten Dairi, Sumatera Utara 22281 P9JM+Q5

Jam Operasional : 08.00 - 19.00

Harga Tiket : 5.000 - 20.000

Status : beroperasi
"
wisata,Salib Kasih Tarutung,"
Nama Tempat : Salib Kasih Tarutung

Kategori : Wisata Rohani

Rating : 4.6

Alamat : 2292+3HV, Dolok Siatas Barita, Sosunggulon, Kec. Tarutung, Kabupaten Tapanuli Utara, Sumatera Utara 22416

Jam Operasional : 08.00 - 18.00

Harga Tiket : 5.000 - 20.000

Status : beroperasi
"
wisata,"Patung Yesus, Bukit Sibeabea","
Nama Tempat : Patung Yesus, Bukit Sibeabea

Kategori : Wisata Rohani

Rating : 4.7

Alamat : HM2C+7X Turpuk Sihotang, Kec. Harian, Kabupaten Samosir, Sumatera Utara 22396

Jam Operasional : 24 jam

Harga Tiket : 30.000 - 100.000

Status : beroperasi
"
wisata,Taman Wisata Goa Bunda Maria,"
Nama Tempat : Taman Wisata Goa Bunda Maria

Kategori : Wisata Rohani

Rating : 4.8

Alamat : FRR5+X58, Gorat Pallombuan, Kec. Palipi, Kabupaten Samosir, Sumatera Utara 22393

Jam Operasional : 08.00 - 18.00

Harga Tiket : Gratis

Status : beroperasi
"
wisata,"Balerong - Balige, Toba Samosir, North Sumatra, Indonesia","
Nama Tempat : Balerong - Balige, Toba Samosir, North Sumatra, Indonesia

Kategori : Balai Masyarakat

Rating : 4,3

Alamat : Jl. Lintas Sumatera No.88, Napitupulu Bagasan, Kec. Balige, Toba, Sumatera Utara 22312

Jam Operasional : 24 jam

Harga Tiket : Gratis

Status : beroperasi
"
wisata,Museum Batak T.B. Silalahi Center,"
Nama Tempat : Museum Batak T.B. Silalahi Center

Kategori : Museum

Rating : 4,6

Alamat : Jl. Dr. TB. Silalahi No.88, Silalahi Pagar Batu, Kec. Balige, Toba, Sumatera Utara 20553

Jam Operasional : 08.30 - 16.30

Harga Tiket : 10.000 - 20.000

Status : beroperasi
"
wisata,Batak Museum,"
Nama Tempat : Batak Museum

Kategori : Museum

Rating : 4.3

Alamat : MV26+725, Tomok, Simanindo, Kabupaten Samosir, Sumatera Utara 22395

Jam Operasional : 08.00 - 20.00

Harga Tiket : Gratis

Status : beroperasi
"
wisata,Pasar Tomok,"
Nama Tempat : Pasar Tomok

Kategori : Wisata Bisnis

Rating : 4.4

Alamat : MV27+R3C, Tomok, Simanindo, Kabupaten Samosir, Sumatera Utara 22395

Jam Operasional : 07.35 - 19.00

Harga Tiket : 5.000 - 10.000

Status : beroperasi
"
wisata,Air Terjun Lae,"
Nama Tempat : Air Terjun Lae

Kategori : Wisata Alam

Rating : 4.2

Alamat : Jl. Runding, Sidiangkat, Kec. Sidikalang, Kabupaten Dairi, Sumatera Utara 22216

Jam Operasional : 08.00 - 19.00

Harga Tiket : Gratis

Status : beroperasi
"
wisata,Panatapan Puncak Sidiangkat,"
Nama Tempat : Panatapan Puncak Sidiangkat

Kategori : Wisata Alam

Rating : 4

Alamat : Sitinjo I, Kec. Sitinjo, Kabupaten Dairi, Sumatera Utara 22281

Jam Operasional : 24 jam

Harga Tiket : Gratis

Status : beroperasi
"
wisata,Sicike cike,"
Nama Tempat : Sicike cike

Kategori : Wisata Alam

Rating : 4.2

Alamat : Sitinjo, Dairi Regency, North Sumatra 22219

Jam Operasional : 09.00 - 17.00

Harga Tiket : Gratis

Status : beroperasi
"
wisata,Batu Sigadap,"
Nama Tempat : Batu Sigadap

Kategori : Wisata Budaya / Sejarah

Rating : 4.7

Alamat : Silalahi I, Kec. Silahsabungan, Kabupaten Dairi, Sumatera Utara

Jam Operasional : 24 jam

Harga Tiket : 10.000 - 20.000

Status : beroperasi
"
wisata,Rumah Adat Pak Pak,"
Nama Tempat : Rumah Adat Pak Pak

Kategori : Wisata Budaya / Sejarah

Rating : 4.7

Alamat : Jl. Parongil Sepung Pelding, Bulu Duri, Kec. Lae Parira, Kabupaten Dairi, Sumatera Utara 22213

Jam Operasional : 09.00 - 17.00

Harga Tiket : Gratis

Status : beroperasi
"
wisata,Jembatan Lae Pendaroh,"
Nama Tempat : Jembatan Lae Pendaroh

Kategori : Wisata Buatan

Rating : 4.1

Alamat : Sidikalang-Seribudolok, Sitinjo I, Kec. Sitinjo, Kabupaten Dairi, Sumatera Utara 22281

Jam Operasional : 24 jam

Harga Tiket : 10.000 - 20.000

Status : beroperasi
"
wisata,Aek Sipaulak Hosa Loja,"
Nama Tempat : Aek Sipaulak Hosa Loja

Kategori : Wisata Buatan

Rating : 4.6

Alamat : Silalahi 1, Paropo, Kec. Silahsabungan, Kabupaten Dairi, Sumatera Utara 22281

Jam Operasional : 08.30 - 18.30

Harga Tiket : Gratis

Status : beroperasi
"
wisata,Letter Z,"
Nama Tempat : Letter Z

Kategori : Wisata Buatan

Rating : 4.1

Alamat : Pangaribuan, Siempat Nempu Hulu, Dairi Regency, North Sumatra Utara

Jam Operasional : 24 jam

Harga Tiket : 25000

Status : beroperasi
"
wisata,Parhonasan,"
Nama Tempat : Parhonasan

Kategori : Wisata Buatan

Rating : 4.2

Alamat : Sempung Polling, Lae Parira, Dairi Regency, North Sumatra 22281

Jam Operasional : 08.30 - 18.00

Harga Tiket : Gratis

Status : beroperasi
"
wisata,Tombak Sulusulu,"
Nama Tempat : Tombak Sulusulu

Kategori : Wisata Alam

Rating : 4.5

Alamat : Marbun Tonga Marbun Dolok, Bakti Raja, Simamora, Humbang Hasundutan, Kabupaten Humbang Hasundutan, Sumatera Utara 22457

Jam Operasional : 24 jam

Harga Tiket : Gratis

Status : beroperasi
"
wisata,Aek Bath Sitio-tio,"
Nama Tempat : Aek Bath Sitio-tio

Kategori : Wisata Alam

Rating : 4.5

Alamat : Sitio-Tio,, Siunong Unong Julu, Kec. Bakti Raja, Kabupaten Humbang Hasundutan, Sumatera Utara 22457

Jam Operasional : 24 jam

Harga Tiket : Gratis

Status : beroperasi
"
wisata,Air Terjun Simolap,"
Nama Tempat : Air Terjun Simolap

Kategori : Wisata Alam

Rating : 2025-09-04 00:00:00

Alamat : Sibongkare, Tara bintang, Humbang Hasundutan Regency, North Sumatra 22456

Jam Operasional : 24 jam

Harga Tiket : Gratis

Status : beroperasi
"
wisata,Simamora Island,"
Nama Tempat : Simamora Island

Kategori : Wisata Alam

Rating : 5

Alamat : Tipang, Bakti Raja, Humbang Hasundutan Regency, North Sumatra

Jam Operasional : 24 jam

Harga Tiket : Gratis

Status : beroperasi
"
wisata,Air Terjun Pollung,"
Nama Tempat : Air Terjun Pollung

Kategori : Wisata Alam

Rating : 4.2

Alamat : Purba Baringin, Pakkat, Humbang Hasundutan Regency, North Sumatra 22455

Jam Operasional : 24 jam

Harga Tiket : Gratis

Status : beroperasi
"
wisata,Bakkara Village,"
Nama Tempat : Bakkara Village

Kategori : Wisata Alam

Rating : 2025-08-04 00:00:00

Alamat : Simamora, Bakti Raja, Humbang Hasundutan Regency, North Sumatra 22457

Jam Operasional : 24 jam

Harga Tiket : Gratis

Status : beroperasi
"
wisata,Tao Sipinggan,"
Nama Tempat : Tao Sipinggan

Kategori : Wisata Alam

Rating : 5

Alamat : Pargaulan, Lintong Nihuta, Humbang Hasundutan Regency, North Sumatra 22475

Jam Operasional : 24 jam

Harga Tiket : Gratis

Status : beroperasi
"
wisata,Air Terjun Sigota gota Sipultak Hoda,"
Nama Tempat : Air Terjun Sigota gota Sipultak Hoda

Kategori : Wisata Alam

Rating : 4.6

Alamat : Tipang, Dolok sanggul, Humbang Hasundutan Regency,

Jam Operasional : 24 jam

Harga Tiket : Gratis

Status : beroperasi
"
wisata,Dolok Pottas,"
Nama Tempat : Dolok Pottas

Kategori : Wisata Alam

Rating : 4.5

Alamat : Sihombu, Tara bintang, Humbang Hasundutan Regency, North Sumatra 22456

Jam Operasional : 24 jam

Harga Tiket : Gratis

Status : beroperasi
"
wisata,Tuan Nagani Paradise,"
Nama Tempat : Tuan Nagani Paradise

Kategori : Wisata Buatan

Rating : 4.6

Alamat : Humbang Hasundutan

Jam Operasional : 24 jam

Harga Tiket : 18000

Status : beroperasi
"
wisata,Air Terjun Efrata,"
Nama Tempat : Air Terjun Efrata

Kategori : Wisata Alam

Rating : 4.5

Alamat : Sosor Dolok, Harian, Samosir Regency, North Sumatra 22396

Jam Operasional : 24 jam

Harga Tiket : Gratis

Status : beroperasi
"
wisata,Air Terjun Sipisopiso,"
Nama Tempat : Air Terjun Sipisopiso

Kategori : Wisata Alam

Rating : 4.6

Alamat : Desa Tongging, Simanindo

Jam Operasional : 24 jam

Harga Tiket : 5000

Status : beroperasi
"
wisata,Pantai Gajah Tidur Paropo Silalahi,"
Nama Tempat : Pantai Gajah Tidur Paropo Silalahi

Kategori : Wisata Alam

Rating : 4.1

Alamat : Jl. Makam Sidabutar Jalan, Tomok, Simanindo, Kabupaten Samosir, Sumatera Utara 22395

Jam Operasional : 24 jam

Harga Tiket : Gratis

Status : beroperasi
"
wisata,Pemandian Air Panas Rianiate,"
Nama Tempat : Pemandian Air Panas Rianiate

Kategori : Wisata Alam

Rating : 4.2

Alamat : Paropo I, Silahisabungan, Dairi Regency, North Sumatra

Jam Operasional : 24 jam

Harga Tiket : Gratis

Status : beroperasi
"
wisata,Bukit Beta Tuk-tuk,"
Nama Tempat : Bukit Beta Tuk-tuk

Kategori : Wisata Alam

Rating : 4.6

Alamat : Tomok, Simanindo, Samosir Regency, North Sumatra 22395

Jam Operasional : 24 jam

Harga Tiket : Gratis

Status : beroperasi
"
wisata,Pasir Putih Parbaba,"
Nama Tempat : Pasir Putih Parbaba

Kategori : Wisata Alam

Rating : 3.8

Alamat : Desa Huta Bolon, Kecamatan Pangururan

Jam Operasional : 24 jam

Harga Tiket : 5000

Status : beroperasi
"
wisata,Pantai Batuhoda,"
Nama Tempat : Pantai Batuhoda

Kategori : Wisata Alam

Rating : 4.5

Alamat : JL. Raya, Cinta Dame, Simanindo, Kabupaten Samosir, Sumatera Utara 22395

Jam Operasional : 09.30 - 18.00

Harga Tiket : Gratis

Status : beroperasi
"
wisata,Air Terjun Turunan Buhit (Jabel),"
Nama Tempat : Air Terjun Turunan Buhit (Jabel)

Kategori : Wisata Alam

Rating : 2025-05-04 00:00:00

Alamat : Tonduhan, Hatonduhan, Simalungun Regency, North Sumatra 21181

Jam Operasional : 24 Jam

Harga Tiket : Gratis

Status : beroperasi
"
wisata,Pemandian Alam Sejuk,"
Nama Tempat : Pemandian Alam Sejuk

Kategori : Wisata Alam

Rating : 2025-01-04 00:00:00

Alamat : Dolok Hataran, Kec. Siantar

Jam Operasional : 08:00 - 18:00

Harga Tiket : 10000

Status : beroperasi
"
wisata,Bukit Indah Simarjarunjung,"
Nama Tempat : Bukit Indah Simarjarunjung

Kategori : Wisata Alam

Rating : 2025-03-04 00:00:00

Alamat : Jl. Simarjarunjung, Butu Bayu Pane Raja, Kec. Dolok Pardamean

Jam Operasional : 24 Jam

Harga Tiket : 5000

Status : beroperasi
"
wisata,Bah Salak Waterfall,"
Nama Tempat : Bah Salak Waterfall

Kategori : Wisata Alam

Rating : 2025-06-04 00:00:00

Alamat : Nagur Usang, Tapian Dolok, Simalungun Regency, North Sumatra 21154

Jam Operasional : 24 Jam

Harga Tiket : Gratis

Status : beroperasi
"
wisata,Air Terjun Tonduhan,"
Nama Tempat : Air Terjun Tonduhan

Kategori : Wisata Alam

Rating : 2025-01-04 00:00:00

Alamat : Desa Buntu Bayu, Kec. Tonduhan

Jam Operasional : 24 Jam

Harga Tiket : Gratis

Status : beroperasi
"
wisata,Kebun Teh Sidamanik,"
Nama Tempat : Kebun Teh Sidamanik

Kategori : Wisata Alam

Rating : 2025-06-04 00:00:00

Alamat : Desa Bah Butong, Kec. Sidamanik

Jam Operasional : 24 Jam

Harga Tiket : 

Status : beroperasi
"
wisata,Pemandian alam Bah Damanik,"
Nama Tempat : Pemandian alam Bah Damanik

Kategori : Wisata Alam

Rating : 2025-03-04 00:00:00

Alamat : Ambarisan, Sidamanik, Simalungun Regency, North Sumatra 21161

Jam Operasional : 08:00 - 19:00

Harga Tiket : 5000

Status : beroperasi
"
wisata,Pinus Hills Simarjarunjung,"
Nama Tempat : Pinus Hills Simarjarunjung

Kategori : Wisata Alam

Rating : 2025-03-04 00:00:00

Alamat : Simarjarunjung, Parik Sabungan, Kec. Dolok Pardamean, Kabupaten Simalungun, Sumatera Utara 21163

Jam Operasional : 24 Jam

Harga Tiket : Gratis

Status : beroperasi
"
wisata,Kawah Putih Dolok Tinggi Raja,"
Nama Tempat : Kawah Putih Dolok Tinggi Raja

Kategori : Wisata Alam

Rating : 4.0

Alamat : Dolok Marawa, Silau Kahean, Simalungun Regency, North Sumatra 21157

Jam Operasional : 09:00 - 17:00

Harga Tiket : Gratis

Status : beroperasi
"
wisata,Tanjung Unta,"
Nama Tempat : Tanjung Unta

Kategori : Wisata Alam

Rating : 2025-04-04 00:00:00

Alamat : Jalan St. H.H. Damanik Tambun Raya Pamatang, Tigaras, Kec. Dolok Pardamean, Kabupaten simalungun

Jam Operasional : 24 Jam

Harga Tiket : Gratis

Status : beroperasi
"
wisata,Pantai Kenangan,"
Nama Tempat : Pantai Kenangan

Kategori : Wisata Alam

Rating : 2025-03-04 00:00:00

Alamat : QRM3+MJ4, Jalan Besar Pematang Siantar Tigaras, Tigaras, Kec. Dolok Pardamean, Kabupaten Simalungun,

Jam Operasional : 07:00 - 12:00

Harga Tiket : Gratis

Status : beroperasi
"
wisata,Objek Wisata Pantai Paris,"
Nama Tempat : Objek Wisata Pantai Paris

Kategori : Wisata Alam

Rating : 2025-03-04 00:00:00

Alamat : Tigaras, Dolok Pardamean, Simalungun Regency,

Jam Operasional : 24 Jam

Harga Tiket : 15000

Status : beroperasi
"
wisata,Pulau Tao Silalahi,"
Nama Tempat : Pulau Tao Silalahi

Kategori : Wisata Alam

Rating : 2025-05-04 00:00:00

Alamat : Desa Silalahi I, Kec. Silahisabungan

Jam Operasional : 07:00 - 17:00

Harga Tiket : Gratis

Status : beroperasi
"
wisata,Wisata Anugerah Indah Sippan,"
Nama Tempat : Wisata Anugerah Indah Sippan

Kategori : Wisata Alam

Rating : 2025-07-04 00:00:00

Alamat : Desa Sippan Tigaraja, Kecamatan Pamatang Silimahuta, Naga Saribu, Kec. Pamatang Silima Huta, Kabupaten Simalungun, Sumatera Utara 21167

Jam Operasional : 06:00 - 17:00

Harga Tiket : Gratis

Status : beroperasi
"
wisata,Manigom Nauli,"
Nama Tempat : Manigom Nauli

Kategori : Wisata Alam

Rating : 2025-04-04 00:00:00

Alamat : Buntu Bartong, Tiga Dolok, Kec. Dolok Panribuan, Kabupaten Simalungun, Sumatera Utara

Jam Operasional : 08:00 - 18:00

Harga Tiket : Gratis

Status : beroperasi
"
wisata,Rumah Bolon Pematang Purba,"
Nama Tempat : Rumah Bolon Pematang Purba

Kategori : Wisata Budaya / Sejarah

Rating : 2025-02-04 00:00:00

Alamat : Desa Pematang Purba, Kec. Purba

Jam Operasional : 10:00 - 16:00

Harga Tiket : Gratis

Status : beroperasi
"
wisata,Simalungun Museum,"
Nama Tempat : Simalungun Museum

Kategori : Wisata Budaya / Sejarah

Rating : 2025-02-04 00:00:00

Alamat : Jalan Jenderal Sudirman P, Proklamasi, Kec. Siantar Bar., Kota Pematang Siantar, Sumatera Utara 21144

Jam Operasional : 07:00 - 17:00

Harga Tiket : 5000

Status : beroperasi
"
wisata,Pemandian Air Soda Parbubu,"
Nama Tempat : Pemandian Air Soda Parbubu

Kategori : Wisata Alam

Rating : 2025-01-04 00:00:00

Alamat : Desa Parbubu, Kecamatan Tarutung

Jam Operasional : 09:00 - 17:00

Harga Tiket : 5000

Status : beroperasi
"
wisata,Tamaro Hot Spring,"
Nama Tempat : Tamaro Hot Spring

Kategori : Wisata Alam

Rating : 2025-03-04 00:00:00

Alamat : Jl. AM. Tambunan, Hutabarat, Partali Toruan, Kec. Tarutung, Kabupaten Tapanuli Utara, Sumatera Utara 22413

Jam Operasional : 06:00 - 22:00

Harga Tiket : 10000

Status : beroperasi
"
wisata,Pulau Pardepur,"
Nama Tempat : Pulau Pardepur

Kategori : Wisata Alam

Rating : 2025-03-04 00:00:00

Alamat : Sibandang, Muara, North Tapanuli Regency, North Sumatra

Jam Operasional : 24 Jam

Harga Tiket : Gratis

Status : beroperasi
"
wisata,Galeri Umkm Tapanuli Utara,"
Nama Tempat : Galeri Umkm Tapanuli Utara

Kategori : Wisata Alam

Rating : 2025-05-04 00:00:00

Alamat : Situmeang Hasundutan, North Tapanuli Regency, North Sumatra

Jam Operasional : 24 Jam

Harga Tiket : Gratis

Status : beroperasi
"
wisata,Sopo Partungkoan Tarutung,"
Nama Tempat : Sopo Partungkoan Tarutung

Kategori : Wisata Budaya / Sejarah

Rating : 2025-03-04 00:00:00

Alamat : Desa Hutatoruan VI, Kecamatan Tarutung, Kabupaten Tapanuli Utara.

Jam Operasional : 10:00 - 17:00

Harga Tiket : Gratis

Status : beroperasi
"
wisata,Air Terjun Nai sogop,"
Nama Tempat : Air Terjun Nai sogop

Kategori : Wisata Alam

Rating : 4.4

Alamat : HJQC+JHW, Sarimarrihit, Kec. Sianjur Mula Mula, Kabupaten Samosir, Sumatera Utara 22396

Jam Operasional : 07.00 - 18.00

Harga Tiket : Gratis

Status : beroperasi
"
hotel,Brain Homestay,"
Nama Hotel : Brain Homestay

Harga : 100000

Check In : 14.0

Check Out : 

Fasilitas : Sarapan

Alamat : Hutabasagasan, Sihiong, Jangga Toruan, Balige, Toba, Sumatera Utara 22386, Indonesia (G3XJ+8G Jangga Toruan, Toba, Sumatera Utara, Indonesia)

Rating : 4.7
"
hotel,Tiara Bunga Hotel,"
Nama Hotel : Tiara Bunga Hotel

Harga : 700.000 - 1.200.000

Check In : 14.0

Check Out : 11.0

Fasilitas : Wi-Fi gratis, Sarapan, Parkir gratis, Kolam renang luar, AC, Layanan binatu

Alamat : Jl. Raya TaraBunga, Tara Bunga, Kec. Tampahan, Toba, Sumatera Utara 22312, Indonesia (927J+48 Tara Bunga, Toba, Sumatera Utara, Indonesia)

Rating : 4.2
"
hotel,Hotel Santo Djaya,"
Nama Hotel : Hotel Santo Djaya

Harga : 200.000 - 300.000

Check In : 

Check Out : 

Fasilitas : Wi-Fi, Tempat Parkir, Cocok Untuk anak - anak

Alamat : C5W4+447, Jl. Sisingamangaraja, Ps. Porsea, Kec. Porsea, Kabupaten Samosir, Sumatera Utara 22384, Indonesia

Rating : 3.8
"
hotel,Nauli Inn,"
Nama Hotel : Nauli Inn

Harga : 250.000 - 400.000

Check In : 

Check Out : 

Fasilitas : Sarapan, AC, TV, Air panas, Wi-Fi

Alamat : Jl. Sibola Hotang No.km 1, RW.2, Sibola Hotangsas, Kec. Balige, Toba, Sumatera Utara, Indonesia (83VH+QG Sibola Hotangsas, Toba, Sumatera Utara, Indonesia)

Rating : 4.9
"
hotel,Grand Mareda Hotel,"
Nama Hotel : Grand Mareda Hotel

Harga : 

Check In : 14.0

Check Out : 12.0

Fasilitas : Wi-Fi, Sarapan Gratis, AC, Layanan Kamar

Alamat : 84X6+XVP, Jl Pasar Melintang, Aruan, Kec. Balige, Toba, Sumatera Utara 22312, Indonesia

Rating : 3.9
"
hotel,Hotel O Balige City Near Tugu Juara Monang,"
Nama Hotel : Hotel O Balige City Near Tugu Juara Monang

Harga : 78000

Check In : 

Check Out : 

Fasilitas : 

Alamat : Pohan Julu, Kec. Balige, Toba, Sumatera Utara 22312, Indonesia (7379+H7 Pohan Julu, Kabupaten Tapanuli Utara, Sumatera Utara, Indonesia)

Rating : 5.0
"
hotel,Pudan Residence,"
Nama Hotel : Pudan Residence

Harga : 107000

Check In : 

Check Out : 12.0

Fasilitas : Wi-Fi, AC, Parkir Gratis

Alamat : Jl. Parluasan, Balige II, Kec. Balige, Toba, Sumatera Utara 22312, Indonesia (83JC+JG Balige II, Toba, Sumatera Utara, Indonesia)

Rating : 3.9
"
hotel,RAP Hotel Balige,"
Nama Hotel : RAP Hotel Balige

Harga : 240000

Check In : 14.0

Check Out : 

Fasilitas : Wi-Fi, Parkir Gratis, AC, Cocok untuk anak-anak

Alamat : Jl. Pendeta Munson Jl. Pardede Pasir No.9, Kec. Balige, Toba, Sumatera Utara 22312, Indonesia (83M6+J8 Pardede Onan, Toba, Sumatera Utara, Indonesia)

Rating : 4.0
"
hotel,J&J Guest House 1 Rumah,"
Nama Hotel : J&J Guest House 1 Rumah

Harga : 800000

Check In : 14.0

Check Out : 12.0

Fasilitas : Dapat diakses, Sarapan berbayar, Parkir Gratis

Alamat : Jalan, Napitupulu Bagasan, Kec. Balige, Toba, Sumatera Utara 22311, Indonesia (83P8+C2 Napitupulu Bagasan, Toba, Sumatera Utara, Indonesia)

Rating : 4.3
"
hotel,Brussels Homestay,"
Nama Hotel : Brussels Homestay

Harga : 280000

Check In : 

Check Out : 

Fasilitas : Wi-Fi, Parkir Gratis, Cocok untuk anak-anak

Alamat : Jl. D. I. Panjaitan no. 14, balige, Sumatera Utara 22312, Indonesia (83P7+F9 Napitupulu Bagasan, Toba, Sumatera Utara, Indonesia)

Rating : 4.6
"
hotel,SAPADIA VILLA BALIGE II,"
Nama Hotel : SAPADIA VILLA BALIGE II

Harga : 800000

Check In : 

Check Out : 

Fasilitas : Parkir Gratis, Live Music

Alamat : 83H8+9R8, Balige III, Kec. Balige, Toba, Sumatera Utara, Indonesia

Rating : 4.6
"
hotel,Hotel Adela,"
Nama Hotel : Hotel Adela

Harga : 40000

Check In : 14.0

Check Out : 12.0

Fasilitas : Wi-Fi, Parkir Gratis, AC

Alamat : Jl, Sitangkola, Kec. Laguboti, Toba, Sumatera Utara 22381, Indonesia (84MH+GJ Sitangkola, Toba, Sumatera Utara, Indonesia)

Rating : 4.1
"
hotel,Vany Villa Balige,"
Nama Hotel : Vany Villa Balige

Harga : 700000

Check In : 

Check Out : 

Fasilitas : Kolam renang anak-anak

Alamat : Jl. By Pass Balige, Sianipar Sihailhail, Kec. Balige, Toba, Sumatera Utara 22311, Indonesia (83C6+3Q Sianipar Sihailhail, Toba, Sumatera Utara, Indonesia)

Rating : 4.6
"
hotel,"Labersa Hotel and Convention Center Toba, Balige","
Nama Hotel : Labersa Hotel and Convention Center Toba, Balige

Harga : 900000

Check In : 

Check Out : 12.0

Fasilitas : Wi-Fi gratis, Sarapan, Parkir gratis, Kolam renang luar, AC, Layanan binatu

Alamat : Saribu Raja Janji Maria, Kec. Balige, Toba, Sumatera Utara, Indonesia (83QJ+FM Saribu Raja Janji Maria, Toba, Sumatera Utara, Indonesia)

Rating : 4.5
"
hotel,Lago Hotel & Resto,"
Nama Hotel : Lago Hotel & Resto

Harga : 30.000 - 700.000

Check In : 14.0

Check Out : 12.0

Fasilitas : Wi-Fi gratis, Sarapan, Parkir gratis, AC, Restoran

Alamat : Jl. Sibola Hotang, Sibola Hotangsas, Toba, Sumatera Utara 22312, Indonesia (83WH+79 Sibola Hotangsas, Toba, Sumatera Utara, Indonesia)

Rating : 4.5
"
hotel,OYO 90645 Karisma Residence,"
Nama Hotel : OYO 90645 Karisma Residence

Harga : 100000

Check In : 14.0

Check Out : 

Fasilitas : Wi-Fi, Parkir Gratis, AC

Alamat : 242, Jl. Sisingamangaraja No.242B, Balige I, Kec. Balige, Toba, Sumatera Utara 22312, Indonesia (83MC+J8 Balige II, Toba, Sumatera Utara, Indonesia)

Rating : 3.6
"
hotel,Hotel Sere Nauli,"
Nama Hotel : Hotel Sere Nauli

Harga : 400000

Check In : 14.0

Check Out : 12.0

Fasilitas : Wi-Fi gratis, Sarapan, Parkir gratis, Kolam renang luar, AC, Layanan binatu

Alamat : Jl. Sisingamangaraja No.1, Ps. Laguboti, Kec. Laguboti, Toba, Sumatera Utara 22381, Indonesia (943C+4P Ps. Laguboti, Toba, Sumatera Utara, Indonesia)

Rating : 4.1
"
hotel,Purnama Balige Hotel,"
Nama Hotel : Purnama Balige Hotel

Harga : 400000

Check In : 14.0

Check Out : 12.0

Fasilitas : Wi-Fi gratis, Sarapan berbayar, Parkir gratis, AC, Layanan binatu

Alamat : 83M5+RR6, Jl. Pardede Pasir No.10, Kec. Balige, Sumatera Utara 22314, Indonesia

Rating : 4.0
"
hotel,Tendy Guest House,"
Nama Hotel : Tendy Guest House

Harga : 400000

Check In : 

Check Out : 

Fasilitas : Kamar, Eksterior

Alamat : Jl. Siborongborong - Parapat, Patane V, Kec. Porsea, Toba, Sumatera Utara 22384, Indonesia (F532+3M Patane V, Toba, Sumatera Utara, Indonesia)

Rating : 4.6
"
hotel,TASYA HOMESTAY,"
Nama Hotel : TASYA HOMESTAY

Harga : 40000

Check In : 

Check Out : 

Fasilitas : 

Alamat : Jl. Lintas Sumatera, Patane III, Kec. Porsea, Toba, Sumatera Utara 22384, Indonesia (C5X3+V6 Patane III, Toba, Sumatera Utara, Indonesia)

Rating : 3.0
"
hotel,Hotel Nabasa,"
Nama Hotel : Hotel Nabasa

Harga : 350000

Check In : 

Check Out : 

Fasilitas : Wi-Fi gratis, Sarapan, Parkir gratis, AC, Layanan binatu

Alamat : Jl. Siliwangi No.8, Kec. Balige, Toba, Sumatera Utara, Indonesia (83P6+9X Napitupulu Bagasan, Toba, Sumatera Utara, Indonesia)

Rating : 4.1
"
hotel,Mutiara Balige Hotel,"
Nama Hotel : Mutiara Balige Hotel

Harga : 300000

Check In : 13.0

Check Out : 12.0

Fasilitas : Wi-Fi gratis, Sarapan, Parkir gratis, AC, Layanan binatu

Alamat : Sibola Hotangsas, Kec. Balige, Toba, Sumatera Utara, Indonesia (83M5+CG Sibola Hotangsas, Toba, Sumatera Utara, Indonesia)

Rating : 4.1
"
hotel,The Boat Homestay and Spa,"
Nama Hotel : The Boat Homestay and Spa

Harga : 330000

Check In : 

Check Out : 

Fasilitas : Sarapan

Alamat : Jl. Tarutung No.100, Sangkar Nihuta, Kec. Balige, Toba, Sumatera Utara 22312, Indonesia (83H3+MR Sangkar Nihuta, Toba, Sumatera Utara, Indonesia)

Rating : 4.3
"
hotel,Hotel Dizomn,"
Nama Hotel : Hotel Dizomn

Harga : 

Check In : 

Check Out : 

Fasilitas : Waterheater

Alamat : Jl. D.I Panjaitan No.19, Napitupulu Bagasan, Kec. Balige, Toba, Sumatera Utara 22312, Indonesia (83P7+HJ Napitupulu Bagasan, Toba, Sumatera Utara, Indonesia)

Rating : 3.6
"
hotel,HOTEL BAHAGIA BALIGE,"
Nama Hotel : HOTEL BAHAGIA BALIGE

Harga : 

Check In : 

Check Out : 

Fasilitas : 

Alamat : Jl. Sisingamangaraja Kelurahan No.21, Napitupulu Bagasan, Kec. Balige, Toba, Sumatera Utara 22312, Indonesia (83M8+Q2 Napitupulu Bagasan, Toba, Sumatera Utara, Indonesia)

Rating : 4.0
"
hotel,wisma LAKSAMANA,"
Nama Hotel : wisma LAKSAMANA

Harga : 

Check In : 

Check Out : 

Fasilitas : 

Alamat : Jl. Mulia Raja No.20, Kelurahan Napitu Puluh, Kec. Balige, Toba, Sumatera Utara 22312, Indonesia (83Q7+3C Napitupulu Bagasan, Toba, Sumatera Utara, Indonesia)

Rating : 4.2
"
hotel,Pondok Siliwangi 26,"
Nama Hotel : Pondok Siliwangi 26

Harga : 

Check In : 

Check Out : 

Fasilitas : 

Alamat : Jl. Siliwangi, Toba, Sumatera Utara, Indonesia (83P6+6R Pardede Onan, Toba, Sumatera Utara, Indonesia)

Rating : 4.2
"
hotel,Ita Soposurung Hotel,"
Nama Hotel : Ita Soposurung Hotel

Harga : 

Check In : 14.0

Check Out : 0.0

Fasilitas : Wifi, Sarapan, Parkir Gratis, AC, Layanan Bibatu

Alamat : Jl. Lintas Sumatera No.252, Hinalang Bagasan, Kec. Balige, Toba, Sumatera Utara 22312, Indonesia (82GX+RX Hinalang Bagasan, Toba, Sumatera Utara, Indonesia)

Rating : 4.4
"
hotel,Tabo Cottages,"
Nama Hotel : Tabo Cottages

Harga : 800000

Check In : 14.0

Check Out : 12.0

Fasilitas : Wifi gratis, Sarapan gratis, Parkir gratis, Kolam renang luar, AC

Alamat : Jl. Lkr. Tuktuk No.115 Toba, Tuktuk Siadong, Simanindo, Kabupaten Samosir, Sumatera Utara 22395

Rating : 4.6
"
hotel,Toba Village inn,"
Nama Hotel : Toba Village inn

Harga : 400000

Check In : 12.0

Check Out : 12.0

Fasilitas : Dekat dengan transportasi umum dan bandara

Alamat : Kampung Tuktuk Siadong, Kecamatan Simanindo, Ambarita, Tuktuk Siadong, Simanindo, Kabupaten Samosir, Sumatera Utara 22395

Rating : 
"
hotel,Romlan Guesthouse,"
Nama Hotel : Romlan Guesthouse

Harga : 200000

Check In : 14.3

Check Out : 12.0

Fasilitas : Wi-fi gratis, Sarapan berbayar, Parkir berbayar, Layanan binatu

Alamat : Tuktuk; Siadong 36; RI-22395, Tuktuk Siadong, Simanindo, Kabupaten Samosir, Sumatera Utara 22395

Rating : 4.9
"
hotel,Carolina Hotel,"
Nama Hotel : Carolina Hotel

Harga : 400000

Check In : 14.0

Check Out : 12.0

Fasilitas : Wifi gratis, Sarapan gratis, Parkir gratis, AC, Layanan Binatu

Alamat : Tuktuk Siadong, Simanindo, Kabupaten Samosir, Sumatera Utara 22395

Rating : 4.3
"
hotel,TOPI TAO HOMESTAY PANGURURAN (KAWASAN WATERFRONT CITY),"
Nama Hotel : TOPI TAO HOMESTAY PANGURURAN (KAWASAN WATERFRONT CITY)

Harga : 

Check In : 

Check Out : 

Fasilitas : View Danau Toba

Alamat : Jl. Putri Lopian, Pardomuan I, Kec. Pangururan, Kabupaten Samosir, Sumatera Utara 22392

Rating : 4.4
"
hotel,Hotel and Restaurant Singgalang,"
Nama Hotel : Hotel and Restaurant Singgalang

Harga : 

Check In : 

Check Out : 22.0

Fasilitas : 

Alamat : Jl. Sisingamangaraja No.52, Tiga Raja, Kec. Girsang Sipangan Bolon, Kabupaten Simalungun, Sumatera Utara 21174

Rating : 4.7
"
hotel,Thyesza Hotel Resort,"
Nama Hotel : Thyesza Hotel Resort

Harga : 350000

Check In : 14.0

Check Out : 12.0

Fasilitas : Wi-fi gratis, Sarapan gratis, Parkir gratis, dapat diakses, kolam renang luar, AC

Alamat : Unjur, Jl. Pulau Samosir, Simanindo, Kabupaten Samosir, Sumatera Utara 22395

Rating : 3.8
"
hotel,Bagus Bay Guest House,"
Nama Hotel : Bagus Bay Guest House

Harga : 130000

Check In : 14.0

Check Out : 12.0

Fasilitas : Parkir Gratis

Alamat : Jl. Lkr. Tuktuk No.Kelurahan, Tuktuk Siadong, Simanindo, Kabupaten Samosir, Sumatera Utara 22395

Rating : 5.0
"
restoran,Cantik Daijo Cafe,"
Nama Restoran : Cantik Daijo Cafe

Harga : 25.000 - 50.000

Jam Operasional : 

Menu Favorit : Vanila Milk Shake, Dimsum Udang, Kopi Americano, Tempe Crispy, Teh Tarik, Nasi Lele Daijo, Kwetiau Hot Plate Seafood Gila, Nasi Ayam Penyet Sambal Belacan, Daijo Pizza, Nasi Goreng Spesial, Mie Hot Plate Special, Ice Thai Tea, Steak Salad, Daijo Egg Waffle, Drip Coffee, Pizza Complete, French Fries, Cappuccino Latte, Chicken Katsu, Tomyam Seafood.

Fasilitas : 

Alamat : Jl. Sisingamangaraja, Aruan, Kec. Laguboti, Toba, Sumatera Utara 22381, Indonesia (9429+Q3 Aruan, Toba, Sumatera Utara, Indonesia)

Rating : 4.4
"
restoran,Rumah Makan Romauli,"
Nama Restoran : Rumah Makan Romauli

Harga : 

Jam Operasional : 

Menu Favorit : Babi Panggang, Sop Kosong, Daging Babi Arsik Pakai Tubis, Jahir Panggang, Naniura,

Fasilitas : 

Alamat : 86HM+J26, Jl. Parsoburan, Parsoburan Bar., Kec. Habinsaran, Toba, Sumatera Utara 22384, Indonesia

Rating : 4.3
"
restoran,"Kedai Islam ""Rahayu""","
Nama Restoran : Kedai Islam ""Rahayu""

Harga : 25000

Jam Operasional : 

Menu Favorit : Mushola, Halal

Fasilitas : 

Alamat : 86HM+G6Q, Jl. Parsoburan, Parsoburan Bar., Kec. Habinsaran, Toba, Sumatera Utara 22384, Indonesia

Rating : 4.5
"
restoran,Sinar Minang Restaurant & Convention Hall,"
Nama Restoran : Sinar Minang Restaurant & Convention Hall

Harga : 25.000 - 75.000

Jam Operasional : 

Menu Favorit : Jeroan Masak Gule, Rendang, Sambal, Teh Talua Teh Telur, Dendeng, Ayam Balado, Sup Daging Sapi, Ikan Goreng, Nasi Ayam Goreng Telur Dadar, Aneka Masakan Khas Padang Melayu, Sayur Kailan, Nasi Padang, Sajian Lauk, Gulai Ayam Kampung, Kopi Susu, Makanan Padang, Telor Dadar, Jengkol Teri Cabe IJO, Kerupuk Gulai, Sayur Nangka.

Fasilitas : 

Alamat : Jl. Siborongborong - Parapat No.2, Sibola Hotangsas, Kec. Balige, Toba, Sumatera Utara, Indonesia (83PF+C8 Sibola Hotangsas, Toba, Sumatera Utara, Indonesia)

Rating : 4.4
"
restoran,Damar Toba ~ Lakeside Eatery & Stay,"
Nama Restoran : Damar Toba ~ Lakeside Eatery & Stay

Harga : 30.000 - 700.000

Jam Operasional : 14.0

Menu Favorit : Mie Gomak, Mie Goreng, Sate, Fried Rice with Chicken Wings, Kopi Latte, Ikan Naniura, Nasi Liwet Daging Balado, Mango Sticky Rice Pudding, Caffè Latte, Fish Fillet Natinombur, Americano Coffee, American Breakfast, Ice Cream Croissant.

Fasilitas : 

Alamat : Jl. Pemandian No.94, Kec. Balige, Sumatera Utara 22312, Indonesia (83R2+56 Lumban Silintong, Toba, Sumatera Utara, Indonesia)

Rating : 4.8
"
restoran,BPK TAMBAR LIHE CLARISSA GURUSINGA,"
Nama Restoran : BPK TAMBAR LIHE CLARISSA GURUSINGA

Harga : 25000

Jam Operasional : 

Menu Favorit : Babi Panggang Karo

Fasilitas : 

Alamat : 96V4+FP7 paranggitingan samping SD center, Jl. D.I. Panjaitan, Marsangap, Kec. Silaen, Toba, Sumatera Utara 22384, Indonesia

Rating : 4.8
"
restoran,Warunk Friendzone,"
Nama Restoran : Warunk Friendzone

Harga : 25000

Jam Operasional : 

Menu Favorit : Bihun Goreng Sosis

Fasilitas : 

Alamat : Narumonda 1, Kec. Siantar Narumonda, Sumatera Utara 22384, Indonesia (C5CH+83 Narumonda VII, Toba, Sumatera Utara, Indonesia)

Rating : 2.7
"
restoran,SOP Kerbau Siparo Gogo,"
Nama Restoran : SOP Kerbau Siparo Gogo

Harga : 25.000 - 50.000

Jam Operasional : 

Menu Favorit : Sop Kerbau, Sop Daging Kerbau

Fasilitas : 

Alamat : C5FH+VVJ, Unnamed Road, Narumonda III, Kec. Siantar Narumonda, Toba, Sumatera Utara 22384, Indonesia

Rating : 4.6
"
restoran,Rumah Makan Rizal,"
Nama Restoran : Rumah Makan Rizal

Harga : 25.000 - 50.000

Jam Operasional : 

Menu Favorit : 

Fasilitas : 

Alamat : Banua Huta, Kec. Sigumpar, Toba, Sumatera Utara 22384, Indonesia (95XC+6M Banua Huta, Toba, Sumatera Utara, Indonesia)

Rating : 4.2
"
restoran,RAJA SEAFOOD BALIGE,"
Nama Restoran : RAJA SEAFOOD BALIGE

Harga : 

Jam Operasional : 

Menu Favorit : Taoge Ikan Asin, Sop Bakso Ikan, Cateringan Nasi Kotak, Seafood Tumpah

Fasilitas : 

Alamat : Jl. Patuan Nagari, Pardede Onan, Kec. Balige, Toba, Sumatera Utara, Indonesia (83M7+HC Pardede Onan, Toba, Sumatera Utara, Indonesia)

Rating : 5.0
"
restoran,Toba Corner Restaurant,"
Nama Restoran : Toba Corner Restaurant

Harga : 

Jam Operasional : 

Menu Favorit : Nasi Goreng, Aneka Jus

Fasilitas : 

Alamat : 83M6+74V, Pardede Onan, Kec. Balige, Toba, Sumatera Utara, Indonesia

Rating : 4.3
"
restoran,RM. GOMGOM KHAS BATAK,"
Nama Restoran : RM. GOMGOM KHAS BATAK

Harga : 

Jam Operasional : 

Menu Favorit : Babi Panggang, Sambal Natinombur, Saksang, Arsik

Fasilitas : 

Alamat : 83M4+629, Jl. Dr. Sutomo, Sangkar Nihuta, Kec. Balige, Toba, Sumatera Utara 22312, Indonesia

Rating : 4.9
"
restoran,RM Lapo Jior,"
Nama Restoran : RM Lapo Jior

Harga : 25.000 - 50.000

Jam Operasional : 

Menu Favorit : 

Fasilitas : 

Alamat : Jl. Sisingamangaraja No.47, Sibola Hotangsas, Kec. Balige, Toba, Sumatera Utara, Indonesia (83PH+Q3 Sibola Hotangsas, Toba, Sumatera Utara, Indonesia)

Rating : 4.6
"
restoran,"""Happy"" Noodle Restaurant","
Nama Restoran : ""Happy"" Noodle Restaurant

Harga : 25.000 - 50.000

Jam Operasional : 

Menu Favorit : Mie Goreng, Kwetiau Goreng, Nasi Goreng Babi, Bakmi Kuah

Fasilitas : 

Alamat : Napitupulu Bagasan, Kec. Balige, Toba, Sumatera Utara, Indonesia (83M8+RG Napitupulu Bagasan, Toba, Sumatera Utara, Indonesia)

Rating : 4.5
"
restoran,BPK PANCA JAYA,"
Nama Restoran : BPK PANCA JAYA

Harga : 25.000 - 50.000

Jam Operasional : 

Menu Favorit : Babi Panggang Karo, Babi Tubis, Saksang, Cincang, Ikan Mas Arsik, Ikan Jahir Panggang

Fasilitas : 

Alamat : 83CC+V5C, Jl. By Pass Balige, Balige III, Kec. Balige, Toba, Sumatera Utara 22312, Indonesia

Rating : 4.8
"
restoran,ijabu Coffee & Roastery,"
Nama Restoran : ijabu Coffee & Roastery

Harga : 25.000 - 50.000

Jam Operasional : 

Menu Favorit : 

Fasilitas : 

Alamat : Jl. Raja Paindoan, Lumban Dolok Haume Bange, Kec. Balige, Toba, Sumatera Utara, Indonesia (83M8+83 Lumban Dolok Haume Bange, Toba, Sumatera Utara, Indonesia)

Rating : 5.0
"
restoran,GotiL F&B,"
Nama Restoran : GotiL F&B

Harga : 25.000 - 50.000

Jam Operasional : 

Menu Favorit : Bebek Gotil, Ayam Gotil, Minuman Mix Max Blue Ocean, Dimsum Soup, Soup Ayam, Green Tea Mlikshake

Fasilitas : 

Alamat : Jl. Patuan Anggi No.28, Lumban Dolok Haume Bange, Kec. Balige, Toba, Sumatera Utara 22314, Indonesia (83M7+GQ Lumban Dolok Haume Bange, Toba, Sumatera Utara, Indonesia)

Rating : 4.6
"
restoran,Point Coffee Balige,"
Nama Restoran : Point Coffee Balige

Harga : 25.000 - 50.000

Jam Operasional : 

Menu Favorit : Kopi Jadul, Latte, Affogato Point, Dolge Coffee, Mochachino, Cafe Dolce

Fasilitas : 

Alamat : 83M9+HJM, Jl. Sisingamangaraja, Balige II, Kec. Balige, Toba, Sumatera Utara 22316, Indonesia

Rating : 4.7
"
restoran,SIPPIN,"
Nama Restoran : SIPPIN

Harga : 25.000 - 50.000

Jam Operasional : 

Menu Favorit : 

Fasilitas : 

Alamat : Jl. Sisingamangaraja No.70, Balige II, Kec. Balige, Toba, Sumatera Utara 22312, Indonesia (83M9+PH Balige II, Toba, Sumatera Utara, Indonesia)

Rating : 4.1
"
restoran,Amora Cafe,"
Nama Restoran : Amora Cafe

Harga : 

Jam Operasional : 

Menu Favorit : 

Fasilitas : 

Alamat : 83CQ+GVR, Parsuratan, Kec. Balige, Toba, Sumatera Utara 22312, Indonesia

Rating : 3.8
"
restoran,Rumah Makan Panca,"
Nama Restoran : Rumah Makan Panca

Harga : 25.000 - 50.000

Jam Operasional : 

Menu Favorit : B2 Panggang, B2 Goreng, Kripik Balado, Tubis, B2 Saksang, Ikan Mas Arsik, B2 Tanggo-Tanggo, Ikan Jahir Natinombur, B2 Bag Dalam, Butuha Raja, Ikan Jahir Goreng, B2 Arsik, Daun Singkong Tumbuk, Mujair Bakar

Fasilitas : 

Alamat : Jl. Raja Paindoan No.14, Lumban Dolok Haume Bange, Kec. Balige, Toba, Sumatera Utara 22312, Indonesia (83M8+68 Lumban Dolok Haume Bange, Toba, Sumatera Utara, Indonesia)

Rating : 4.5
"
restoran,SATE MADURA Cabang Bundaran BALIGE,"
Nama Restoran : SATE MADURA Cabang Bundaran BALIGE

Harga : 

Jam Operasional : 

Menu Favorit : Sate Kambing, Sate Ayam

Fasilitas : 

Alamat : Di Sebrang Bank BRI, Di Sebrang Warkop Kak NOVA, Jl. Sisingamangaraja, Balige Lama, Kec. Balige, Sumatera Utara 22312, Indonesia (83M9+J9 Balige II, Toba, Sumatera Utara, Indonesia)

Rating : 5.0
"
restoran,BAKSO PAK RADIT (BAKSO KHAS MALANG),"
Nama Restoran : BAKSO PAK RADIT (BAKSO KHAS MALANG)

Harga : 

Jam Operasional : 

Menu Favorit : Bakso Kosong, Mie Ayam

Fasilitas : 

Alamat : 83M6+C8G, Pardede Onan, Kec. Balige, Toba, Sumatera Utara, Indonesia

Rating : 3.6
"
restoran,Hutanta Cafe,"
Nama Restoran : Hutanta Cafe

Harga : 25.000 - 50.000

Jam Operasional : 

Menu Favorit : Kopi Dingin, Juice Nanas Kue Nanas, Madu, Odeng, Nasi Goreng Ayam, Sate Udang Pete, Eskrim Yogurt, Cafe Latte, Fish and Chips, Signature Bukit Coffee, Mr Crab Cakes, Caffè Latte, Sandwich Hutanta, Sparkling Mojito, Pakcoy Ayam, Sop IGA Sapi, Fettucine Carbonara Pasta, Sop Kambing

Fasilitas : 

Alamat : Jl. P. Siantar No.KM 2, Sibola Hotangsas, Kec. Balige, Toba, Sumatera Utara 22312, Indonesia (83QJ+8G Sibola Hotangsas, Toba, Sumatera Utara, Indonesia)

Rating : 4.5
"
restoran,Tepi Danau Bistro,"
Nama Restoran : Tepi Danau Bistro

Harga : 25.000 - 75.000

Jam Operasional : 

Menu Favorit : Nasi Goreng Andaliman, Nasi Blackpepper Sapi, Nasi Goreng Kampung, Ayam Bakar Tepi Danau, Air Mineral, Kopi Sanger, Nasi Goreng Seafood, Cappucino, Affogatto, Strawberry Float, Kwetiau Goreng Seafood, Tomyam, Pisang Goreng, Mie Goreng Indonesia, Banana Smoothies, Kopi Tubruk, Thai Iced Tea, Hot Milk, Americano

Fasilitas : 

Alamat : Jl. Pemandian No.1, Sangkar Nihuta, Kec. Balige, Toba, Sumatera Utara 22312, Indonesia (83M4+PC Sangkar Nihuta, Toba, Sumatera Utara, Indonesia)

Rating : 4.2
"
restoran,Kedai Mie Lily,"
Nama Restoran : Kedai Mie Lily

Harga : 25.000 - 50.000

Jam Operasional : 

Menu Favorit : 

Fasilitas : 

Alamat : 83M6+F57, Pardede Onan, Kec. Balige, Toba, Sumatera Utara, Indonesia

Rating : 3.7
"
restoran,Rujak Agam Balige,"
Nama Restoran : Rujak Agam Balige

Harga : 

Jam Operasional : 

Menu Favorit : Aneka Rujak Buah

Fasilitas : 

Alamat : Jl. Patuan Nagari, Lumban Dolok Haume Bange, Kec. Balige, Toba, Sumatera Utara 22312, Indonesia (83M7+MQ Lumban Dolok Haume Bange, Toba, Sumatera Utara, Indonesia)

Rating : 3.7
"
restoran,"BAKSO MAS PANDU ""WONG SOLO""","
Nama Restoran : BAKSO MAS PANDU ""WONG SOLO""

Harga : 

Jam Operasional : 

Menu Favorit : Mie ayam bakso, Halal

Fasilitas : 

Alamat : Jl. Pemandian, Sangkar Nihuta, Kec. Balige, Toba, Sumatera Utara 22312, Indonesia (83M4+6R Sangkar Nihuta, Toba, Sumatera Utara, Indonesia)

Rating : 4.5
"
restoran,Bakso Dorela,"
Nama Restoran : Bakso Dorela

Harga : 

Jam Operasional : 

Menu Favorit : Bakso, Misop, Mie Ayam, Mie Babi, Goreng

Fasilitas : 

Alamat : Jl. Gereja No.Kelurahan, Lumban Dolok Haume Bange, Kec. Balige, Toba, Sumatera Utara 22312, Indonesia (83M8+9R Lumban Dolok Haume Bange, Toba, Sumatera Utara, Indonesia)

Rating : 4.6
"
restoran,Dunia Bubur,"
Nama Restoran : Dunia Bubur

Harga : 25000

Jam Operasional : 

Menu Favorit : 

Fasilitas : 

Alamat : Jl. Gereja No.Kelurahan, Balige II, Kec. Balige, Toba, Sumatera Utara 22312, Indonesia (83M8+2V Balige II, Toba, Sumatera Utara, Indonesia)

Rating : 4.3
"
restoran,Diva Putri Minang,"
Nama Restoran : Diva Putri Minang

Harga : 

Jam Operasional : 

Menu Favorit : 

Fasilitas : 

Alamat : Lumban Pea, Kec. Balige, Toba, Sumatera Utara, Indonesia (84X3+5R Lumban Pea, Toba, Sumatera Utara, Indonesia)

Rating : 4.0
"
restoran,Leon Cafe,"
Nama Restoran : Leon Cafe

Harga : 25.000 - 75.000

Jam Operasional : 

Menu Favorit : Nasi Goreng Spesial, Cumi Asin Pedas

Fasilitas : 

Alamat : Pantai Bul Bul, Sibola Hotangsas, Kec. Balige, Toba, Sumatera Utara, Indonesia (83XF+82 Sibola Hotangsas, Toba, Sumatera Utara, Indonesia)

Rating : 4.7
"
restoran,warung mak iwan,"
Nama Restoran : warung mak iwan

Harga : 

Jam Operasional : 

Menu Favorit : Mie sop, Mie Goerng, Bakso

Fasilitas : 

Alamat : 83J8+MQR, Lumban Dolok Haume Bange, Kec. Balige, Toba, Sumatera Utara, Indonesia

Rating : 4.2
"
restoran,Warung Makan Muslim Bu Nurul,"
Nama Restoran : Warung Makan Muslim Bu Nurul

Harga : 25000

Jam Operasional : 

Menu Favorit : Soto Ayam, Belu Tumis Cabe Hijau, Air Kelapa Muda

Fasilitas : 

Alamat : Jl. P. Siantar, Sibola Hotangsas, Kec. Balige, Toba, Sumatera Utara 22313, Indonesia (83MF+X2 Sibola Hotangsas, Toba, Sumatera Utara, Indonesia)

Rating : 4.3
"
restoran,RM Khas Batak Mata Mual,"
Nama Restoran : RM Khas Batak Mata Mual

Harga : 

Jam Operasional : 

Menu Favorit : Arsik Ikan Jahir, Arsik Ikan Mas

Fasilitas : 

Alamat : Jl. Lintas Sumatera No.Desa, Dolok Tolong, Kec. Balige, Toba, Sumatera Utara 22313, Indonesia (82HP+58 Longat, Toba, Sumatera Utara, Indonesia)

Rating : 4.0
"
restoran,Rumah Makan Pondok Salero,"
Nama Restoran : Rumah Makan Pondok Salero

Harga : 10.000 - 50.000

Jam Operasional : 

Menu Favorit : Nasi Uduk, Lontong Gulai, Sate

Fasilitas : 

Alamat : Jl. Patuan Nagari No.Kelurahan, Sangkar Nihuta, Kec. Balige, Toba, Sumatera Utara 22313, Indonesia (83M5+CX Sangkar Nihuta, Toba, Sumatera Utara, Indonesia)

Rating : 4.2
"
restoran,Family Resto,"
Nama Restoran : Family Resto

Harga : 25.000 - 50.000

Jam Operasional : 

Menu Favorit : Nasi Goreng Ayam

Fasilitas : 

Alamat : Jl. Lintas Sumatera No.57a, Lumban Dolok Haume Bange, Kec. Balige, Toba, Sumatera Utara 22312, Indonesia (83M7+HM Lumban Dolok Haume Bange, Toba, Sumatera Utara, Indonesia)

Rating : 4.2
"
restoran,"RM ISLAM ""NAULI""","
Nama Restoran : RM ISLAM ""NAULI""

Harga : 

Jam Operasional : 

Menu Favorit : Ayam Goreng, Rendang Kerbau, Ikan Mujahir Bakar, Sop Iga Kerbau

Fasilitas : 

Alamat : Jl. Bukit Barisan No.26, Kec. Balige, Toba, Sumatera Utara 22312, Indonesia (83Q7+25 Napitupulu Bagasan, Toba, Sumatera Utara, Indonesia)

Rating : 5.0
"
restoran,Kedai Bakmi Bahagia 2,"
Nama Restoran : Kedai Bakmi Bahagia 2

Harga : 25.000 - 50.000

Jam Operasional : 

Menu Favorit : Mie Kuah

Fasilitas : 

Alamat : Jl. Patuan Nagari No.57 A, Lumban Dolok Haume Bange, Kec. Balige, Toba, Sumatera Utara 22314, Indonesia (83M7+G2 Lumban Dolok Haume Bange, Toba, Sumatera Utara, Indonesia)

Rating : 4.1
"
restoran,"Kedai Bakmi ""Bahagia"" / ""Sukaria""","
Nama Restoran : Kedai Bakmi ""Bahagia"" / ""Sukaria""

Harga : 25.000 - 50.000

Jam Operasional : 

Menu Favorit : Bakmi China, Aneka Jus

Fasilitas : 

Alamat : Jl. Sisingamangaraja No.98, Napitupulu Bagasan, Kec. Balige, Toba, Sumatera Utara 22312, Indonesia (83M8+RG Napitupulu Bagasan, Toba, Sumatera Utara, Indonesia)

Rating : 4.2
"
restoran,Rumah Makan Sigiring Giring,"
Nama Restoran : Rumah Makan Sigiring Giring

Harga : 25.000 - 50.000

Jam Operasional : 

Menu Favorit : Makanan Khas Batak

Fasilitas : 

Alamat : Jl. Lintas Sumatera No.Desa, Lintong Nihuta, Kec. Tampahan, Toba, Sumatera Utara 22313, Indonesia (82J8+4Q Lintong Nihuta, Toba, Sumatera Utara, Indonesia)

Rating : 4.4
"
restoran,Rumah Makan Martabe,"
Nama Restoran : Rumah Makan Martabe

Harga : 25.000 - 50.000

Jam Operasional : 

Menu Favorit : Babi Panggang, Ikan Mas Bakar, Ikan Mas Arsik, Saksang, Babi Goreng

Fasilitas : 

Alamat : Jl. Sisingamangaraja No.36A, Ps. Laguboti, Kec. Laguboti, Toba, Sumatera Utara 22381, Indonesia (9428+QR Ps. Laguboti, Toba, Sumatera Utara, Indonesia)

Rating : 4.2
"
restoran,Rumah Dimsum Balige,"
Nama Restoran : Rumah Dimsum Balige

Harga : 25.000 - 50.000

Jam Operasional : 

Menu Favorit : 

Fasilitas : 

Alamat : Jl. Gereja, Sibola Hotangsas, Kec. Balige, Toba, Sumatera Utara, Indonesia (83PG+V5 Sibola Hotangsas, Toba, Sumatera Utara, Indonesia)

Rating : 4.5
"
restoran,D'barans Cafe,"
Nama Restoran : D'barans Cafe

Harga : 25.000 - 50.000

Jam Operasional : 

Menu Favorit : Nasi Ayam Tofu Seafood, Nasi Ayam Brokoli, Nasi Lele, Nasi Cumi Saos Pedas, Kentang Goreng, Nasi Goreng, Sarsaparilla, Sop Ayam

Fasilitas : 

Alamat : Jl. Gereja, Lumban Dolok Haume Bange, Kec. Balige, Toba, Sumatera Utara 22311, Indonesia (83H8+XQ Lumban Dolok Haume Bange, Toba, Sumatera Utara, Indonesia)

Rating : 4.0
"
restoran,SS Fried Chicken x Teduh Balige,"
Nama Restoran : SS Fried Chicken x Teduh Balige

Harga : 25.000 - 50.000

Jam Operasional : 

Menu Favorit : Teduh Minuman, Ayam Geprek Ss Fried Chicken, Ayam Spicy Ss Fried Chicken, Ayam Crispy Original, Mineral Botol, Teh Botol Kotak, Orange Nestle, Sauce Spicy SS Fried Chicken, Green Tea

Fasilitas : 

Alamat : Jl. Sisingamangaraja No.130, Balige II, Kec. Balige, Toba, Sumatera Utara 22312, Indonesia (83M8+QR Balige II, Toba, Sumatera Utara, Indonesia)

Rating : 5.0
"
restoran,BMW Coffee,"
Nama Restoran : BMW Coffee

Harga : 

Jam Operasional : 

Menu Favorit : Kerang Rebus, Taro Smoothie, Matcha Latte, Red Velvet, Matcha Latte Coffee

Fasilitas : 

Alamat : 83PC+3XQ, Jl. Siborongborong - Parapat, Balige II, Kec. Balige, Toba, Sumatera Utara 22312, Indonesia

Rating : 5.0
"
restoran,Ola Kisat,"
Nama Restoran : Ola Kisat

Harga : 

Jam Operasional : 

Menu Favorit : Babi Panggang Karo

Fasilitas : 

Alamat : 84X3+7WX, Lumban Pea, Kec. Balige, Toba, Sumatera Utara, Indonesia

Rating : 4.6
"
restoran,Onand Coffee,"
Nama Restoran : Onand Coffee

Harga : 25.000 - 50.000

Jam Operasional : 

Menu Favorit : Espresso Susu, Coffee After Sex, Vietnam Drip, Sanger, Ice Mocca, Lemon Tea

Fasilitas : 

Alamat : Jl. Patuan Nagari No.89, Pardede Onan, Kec. Balige, Toba, Sumatera Utara 22312, Indonesia (83M6+CH Pardede Onan, Toba, Sumatera Utara, Indonesia)

Rating : 4.7
"
restoran,Warung Kembar (KHAS BATAK),"
Nama Restoran : Warung Kembar (KHAS BATAK)

Harga : 25.000 - 50.000

Jam Operasional : 

Menu Favorit : Saksang Gota, Tanggo Tanggo Gota, Ayam Napinadar, Babi Panggang, Naniarsik

Fasilitas : 

Alamat : Jl. Siborongborong - Parapat No.4, Hinalang Bagasan, Kec. Balige, Toba, Sumatera Utara 22312, Indonesia (82HV+CG Hinalang Bagasan, Toba, Sumatera Utara, Indonesia)

Rating : 4.5
"
restoran,Rumah Makan SABAS Balige City,"
Nama Restoran : Rumah Makan SABAS Balige City

Harga : 

Jam Operasional : 

Menu Favorit : Rendang, Sup Buntut, Soto

Fasilitas : 

Alamat : 83M8+GFF, Lumban Dolok Haume Bange, Kec. Balige, Toba, Sumatera Utara, Indonesia

Rating : 4.7
"
restoran,BPK Karona,"
Nama Restoran : BPK Karona

Harga : 25.000 - 50.000

Jam Operasional : 

Menu Favorit : Babi Panggang Karo

Fasilitas : 

Alamat : Jl. Sisingamangaraja No.Kelurahan, Balige I, Kec. Balige, Toba, Sumatera Utara 22313, Indonesia (83MC+H4 Balige I, Toba, Sumatera Utara, Indonesia)

Rating : 4.3
"
restoran,Rumah Makan Khas Karo Tambar Lihe,"
Nama Restoran : Rumah Makan Khas Karo Tambar Lihe

Harga : 25.000 - 50.000

Jam Operasional : 

Menu Favorit : Sup Daging Babi, Nasi Putih, Babi Panggang Karo Dan Sayur Ubi, Babi Panggang Dan Daging Sup, Sambal Babi Panggang Karo

Fasilitas : 

Alamat : 83H3+RW8, Japan Jl. Patuan Nagari, Sangkar Nihuta, Kec. Balige, Toba, Sumatera Utara 22313, Indonesia

Rating : 4.3
"
restoran,Rumah Makan Khas Batak Lamhot,"
Nama Restoran : Rumah Makan Khas Batak Lamhot

Harga : 25.000 - 50.000

Jam Operasional : 

Menu Favorit : Ikan arsik, Babi Panggang

Fasilitas : 

Alamat : 83H3+JWF, Jl. Patuan Nagari, Sangkar Nihuta, Kec. Balige, Toba, Sumatera Utara 22313, Indonesia

Rating : 4.4
"
restoran,Driving Range Restaurant,"
Nama Restoran : Driving Range Restaurant

Harga : 

Jam Operasional : 

Menu Favorit : 

Fasilitas : 

Alamat : 927H+G6F, Lake Toba, North Sumatra 22312, Indonesia

Rating : 4.3
"
restoran,Chinese Food Gemar,"
Nama Restoran : Chinese Food Gemar

Harga : 25.000 - 50.000

Jam Operasional : 

Menu Favorit : Mie Goreng Seafood, Mie Pangsit Babi, Mie Pangsit Goreng, Capcai, Nasi Goreng Babi, Bubur Ayam Gemar, Mie Kuah Bab, Mie Pangsit Siantar, Asparagus Sup

Fasilitas : 

Alamat : Jl. Lintas Sumatera No.57a, Lumban Dolok Haume Bange, Kec. Balige, Toba, Sumatera Utara 22312, Indonesia (83M9+P4 Lumban Dolok Haume Bange, Toba, Sumatera Utara, Indonesia)

Rating : 4.0
"
restoran,The Deck Balige Restaurant & Lounge,"
Nama Restoran : The Deck Balige Restaurant & Lounge

Harga : 50.000 - 75.000

Jam Operasional : 

Menu Favorit : Steak

Fasilitas : 

Alamat : 83M5+RR6, Jl. Pardede Pasir No.10, Kec. Balige, Sumatera Utara 22314, Indonesia

Rating : 3.6
"
restoran,Betesda Cafe Balige,"
Nama Restoran : Betesda Cafe Balige

Harga : 25.000 - 50.000

Jam Operasional : 

Menu Favorit : 

Fasilitas : 

Alamat : 82WV+PVR, Danau Toba, Sibola Hotangsas, Balige, Toba, North Sumatra 22312, Indonesia

Rating : 4.3
"
restoran,Istana Pempek Balige,"
Nama Restoran : Istana Pempek Balige

Harga : 25.000 - 50.000

Jam Operasional : 

Menu Favorit : Nasi Goreng Seafood, Nasi Ayam Geprek, Nasi Ayam Cabai Hijau, Udang Goreng Tepung, Nila Sambal Matah, Pempek Asli Ikan Tenggiri Frozen, Sambal Ayam

Fasilitas : 

Alamat : Jl. Tarutung, Simpang By Pass Jl. Lintas Sumatera, Longat, Jalinsum, Toba, Sumatera Utara 22312, Indonesia (82HP+64 Longat, Toba, Sumatera Utara, Indonesia)

Rating : 4.7
"
restoran,Balige Seafood,"
Nama Restoran : Balige Seafood

Harga : 50.000 - 75.000

Jam Operasional : 

Menu Favorit : Cumi Goreng Tepung, Ikan Kembung Tauco, Seafood Kombinasi, Kakap Panggang, Kangkung Terasi, Nasi Putih, Udang Goreng Tepung, Cumi Saus Padang

Fasilitas : 

Alamat : Jl. P. Siantar No.2, simpang sibulele, Kec. Balige, Toba, Sumatera Utara 22315, Indonesia (83PF+GG Sibola Hotangsas, Toba, Sumatera Utara, Indonesia)

Rating : 4.1
"
restoran,RM GUMARANG,"
Nama Restoran : RM GUMARANG

Harga : 

Jam Operasional : 

Menu Favorit : Ikan Arsik, Masakan Padang

Fasilitas : 

Alamat : Jl. Patuan Nagari No.30, Sangkar Nihuta, Kec. Balige, Toba, Sumatera Utara, Indonesia (83M7+J7 Sangkar Nihuta, Toba, Sumatera Utara, Indonesia)

Rating : 4.0
"
restoran,Betty bites- Balige,"
Nama Restoran : Betty bites- Balige

Harga : 25.000 - 50.000

Jam Operasional : 

Menu Favorit : 

Fasilitas : 

Alamat : Jl. P. Siantar No.KM-2, Tampubolon, Kec. Balige, Toba, Sumatera Utara 22312, Indonesia (83QJ+9C Sibola Hotangsas, Toba, Sumatera Utara, Indonesia)

Rating : 4.0
"
restoran,RM. Islam Roda Baru,"
Nama Restoran : RM. Islam Roda Baru

Harga : 25.000 - 50.000

Jam Operasional : 

Menu Favorit : Masakan Padang, Makanan Halal

Fasilitas : 

Alamat : Jl. Patuan Nagari No.9 A Kelurahan, Pardede Onan, Kec. Balige, Toba, Sumatera Utara 22313, Indonesia (83M7+GC Pardede Onan, Toba, Sumatera Utara, Indonesia)

Rating : 4.1
"
restoran,Tao Tio Coffee and Resto,"
Nama Restoran : Tao Tio Coffee and Resto

Harga : 25.000 - 50.000

Jam Operasional : 

Menu Favorit : Pisang Goreng Coklay Keju, Caramel Latte, Cappuciono

Fasilitas : 

Alamat : Jl. Dr. Sutomo No.21, Sangkar Nihuta, Kec. Balige, Toba, Sumatera Utara 22312, Indonesia (83H2+VX Sangkar Nihuta, Toba, Sumatera Utara, Indonesia)

Rating : 4.5
"
restoran,Rapindo cafe balige,"
Nama Restoran : Rapindo cafe balige

Harga : 

Jam Operasional : 

Menu Favorit : Indomie kuah atau goreng, nasi goreng

Fasilitas : 

Alamat : 82XV+3GF, Lumban Silintong, Toba, Sumatera Utara, Indonesia

Rating : 4.0
"
restoran,LEO'S Restaurant,"
Nama Restoran : LEO'S Restaurant

Harga : 50.000 – 75.000

Jam Operasional : 

Menu Favorit : Ikan Bakar Nila, Ayam Napinadar, Capcay, Nasi Goreng Special, Lobster Steam, Leo's Salad, Lake Toba Lobster, Tuak and Arak, French Fries, Fried Fresh Fish, Arsik Gold Fish, Banana Pancakes

Fasilitas : 

Alamat : Jl. Lkr. Tuktuk No.Kelurahan,Tuktuk Siadong,Simanindo,Kabupaten Samosir,Sumatera Utara 22395

Rating : 4.7
"
restoran,Restoran Tabo Toko Roti dan Sangrai Kopi,"
Nama Restoran : Restoran Tabo Toko Roti dan Sangrai Kopi

Harga : 50.000 – 75.000

Jam Operasional : 

Menu Favorit : Cake, Fish and chips, Marble ake & Passion Fruit Cake

Fasilitas : 

Alamat : Jl. Lkr. Tuktuk No.115 Toba, Tuktuk Siadong, Simanindo, Kabupaten Samosir, Sumatera Utara 22395

Rating : 4.4
"
restoran,Joe's Restaurant,"
Nama Restoran : Joe's Restaurant

Harga : 25.000 – 50.000

Jam Operasional : 

Menu Favorit : Sira Pege Panggang, Fried Noodle Special, Roasted Pork, Fish Barbeque, Pork Taco, Indomie Kuah, BBQ Pork Ribs, Grilled Fish Grilled Chicken and Meat, Napinadar

Fasilitas : 

Alamat : Kabupaten Samosir, Sumatera Utara 22395

Rating : 4.7
"
restoran,Today's Cafe,"
Nama Restoran : Today's Cafe

Harga : 50.000 – 75.000

Jam Operasional : 

Menu Favorit : Gado Gado, Chicken Steak, Vegetable Rendang, Fish Ata Batak, Banana Pancake, Sate Ayam, Nasi Goreng, Pork Steak, Potato Randang, Yogurt with Fruit Muesli, Yoghurt with Fresh Fruits, Pot of Tea White Rice, Vegetable Randang White Rice, Mixed Fruit Crepe, Banana Porridge, Pineapple Fritters, Pot of Black Tea

Fasilitas : 

Alamat : MV96+H28, Jalan Linkar 30, Tuktuk Siadong, Island, Kabupaten Samosir, Sumatera Utara 22395

Rating : 4.7
"
restoran,Damasus Nataboan Resto,"
Nama Restoran : Damasus Nataboan Resto

Harga : 25.000 – 50.000

Jam Operasional : 

Menu Favorit : Nilai Tauco, Lobster Saus Tiram, Ikan Nila Bakar, Krimbat Kentang, Kopi Hitam, Nasi Putih Enak, Baby Lobster, Ikan Nila Goreng, Nila Arsik, Udang Lobster Goreng, Tumis Tauge

Fasilitas : 

Alamat : MWR9+QW Sibaganding, Kabupaten Simalungun, Sumatera Utara

Rating : 3.9
"
restoran,Maruba Restaurant,"
Nama Restoran : Maruba Restaurant

Harga : 50.000 – 75.000

Jam Operasional : 

Menu Favorit : Sambal Tuktuk, Ayam Semur & Rice, Tofu, Lime Juice, Tilapia Fish Curry, Sangsang, Galangal Fried Chicken Ayam Kalasan, Garlic Bread, Bruschetta, Babi Panggang, Homemade Wheat Toast Egg Avacado Toast, Insalata Di Avocado, Scampi Alla Griglia, Sayur Ubi Tumbuk, Grilled Tilapia Lake Fish, Napinadar Chicken, Homemade Wheat Toast Egg Avacado, Pesce Di Lago, Pork Curry, BBQ Fish

Fasilitas : 

Alamat : Tuktuk Siadong, Simanindo, Kabupaten Samosir, Sumatera Utara 22395

Rating : 4.6
"
restoran,Alyssa Restaurant Pizza,"
Nama Restoran : Alyssa Restaurant Pizza

Harga : 50.000 – 75.000

Jam Operasional : 

Menu Favorit : Pizza Andaliman, Grilled Fish, Ikan Bakar, Ikan Goreng, Gado Gado Vege, Nasi Goreng, Babi Goreng Babi Panggang, Lobster Grill, Grill Lobster, Pizza Margherita, Satay and Chips, Pizza Vegetarian, Pizza Margarita, Cap Cay Veg, Grill Pork and Chips, Lobster Soup, Fish Chips

Fasilitas : 

Alamat : Tuktuk Siadong, Simanindo, Kabupaten Samosir, Sumatera Utara 22395

Rating : 4.4
"
restoran,Jenny's Restaurant,"
Nama Restoran : Jenny's Restaurant

Harga : 75.000 - 100.000

Jam Operasional : 

Menu Favorit : Grilled Fish, Grilled Lake Fish, BBQ Lake Fish, Tauco Udang, Ikan Nila Panggang, Sate Babi, Rendang Beef, Avocado Juice, Grilled Pork, Roasted Pork, Chap Chai with Chicken, Babi Panggang Kentang, Spaghetti Bolognese, Lake Lobster, Passion Fruit Juice, Cumi Goreng Tepung, Nasi Goreng Spesial, Lake Prawns

Fasilitas : 

Alamat : MVG3+RQG, Jl. Lkr. Tuktuk, Tuktuk Siadong, Simanindo, Kabupaten Samosir, Sumatera Utara 22395

Rating : 4.3
"
restoran,Biwa Cafe & Resto,"
Nama Restoran : Biwa Cafe & Resto

Harga : 25.000 –50.000

Jam Operasional : 

Menu Favorit : Ikan, Varian Jus, Jus Jeruk, Indomie Kuah Teh Manis Panas, Sanh, Ayam Bakar, Coffee Milk, Ice Cream, Avocado Float, Mietiaw Goreng Kangkung Belacan, Nasi Goreng Andaliman, Milk Coffe, Avocado Coffe, Tahu Pedas Spicy Tofu, Ayam Sambal Andaliman

Fasilitas : 

Alamat : Jl. Parapat, Sibaganding, Kec. Girsang Sipangan Bolon, Kabupaten Simalungun, Sumatera Utara 21174

Rating : 4.3
"
restoran,Rumah Makan Holong Ni Dainang,"
Nama Restoran : Rumah Makan Holong Ni Dainang

Harga : 25.000 – 50.000

Jam Operasional : 

Menu Favorit : Grilled Fish, Fried Tofu and Fried Tempeh, Bintang Beers, Iced Tea & Lemon Tea

Fasilitas : 

Alamat : Jl. Lkr. Tuktuk, Tuktuk Siadong, Simanindo, Kabupaten Samosir, Sumatera Utara 22395

Rating : 4.7
"
restoran,Rosalie's Beer Garden And Restaurant,"
Nama Restoran : Rosalie's Beer Garden And Restaurant

Harga : 50.000 – 75.000

Jam Operasional : 

Menu Favorit : Gado Gado, Tahu Goreng Sambal, Perkedel, Chicken Curry, Sweet and Sour Pork, Chili Aubergine

Fasilitas : 

Alamat : MV96+M6M, Jl. Lkr. Tuktuk, Tuktuk Siadong, Simanindo, Kabupaten Samosir, Sumatera Utara

Rating : 5.0
"
restoran,Warung Butet's,"
Nama Restoran : Warung Butet's

Harga : 25.000 – 50.000

Jam Operasional : 

Menu Favorit : Bakwan, Pancakes with Mixed fruits

Fasilitas : 

Alamat : Jl. Lkr. Tuktuk No.26, Tuktuk Siadong, Simanindo, Kabupaten Samosir, Sumatera Utara 22395

Rating : 4.8
"
restoran,Solu Bolon Cafe and Resto,"
Nama Restoran : Solu Bolon Cafe and Resto

Harga : 25.000 – 50.000

Jam Operasional : 

Menu Favorit : Calamari

Fasilitas : 

Alamat : JM6V+JP7, Jl. Tele - Pangururan, Kabupaten Samosir, Sumatera Utara 22392

Rating : 4.0
"
restoran,D'view cafe and resto,"
Nama Restoran : D'view cafe and resto

Harga : 25.000 – 50.000

Jam Operasional : 

Menu Favorit : Ayam Goreng, Mie Tek Tek, Affogato, Fish N Fries, Milkshakes, Siomay, Red Velvet Latte, Air Putih, Ginger Tea, Green Tea

Fasilitas : 

Alamat : Jl. Raya Tomok No.12, Depan pelabuhan Ferry Tomok, Garoga, Simanindo, Kabupaten Samosir, Sumatera Utara 22395

Rating : 4.6
"
restoran,Rumah Makan Lomak,"
Nama Restoran : Rumah Makan Lomak

Harga : 25.000 – 50.000

Jam Operasional : 

Menu Favorit : Ikan Goreng, Ikan Arsik, Martabe Juice, Terong Bakar, Saksang Rica-Rica, Nasi Goreng Gut Gewürzt, Lobster Air Tawar, Cah Kangkung, Lobster Asam Manis, Babi Panggang Grill Pork & Babi, Ayam Goreng, Panggang Babi, Goreng Babi, Mango Juice, Kangkung Polos Vegetarian, Daun Singkong Tumbuk Dan Ikan Bakar, Babi Goreng & Babi Arsik Fried, Saksang Babi, Lobster rica2, Ikan Bakar Grill Fish

Fasilitas : 

Alamat : Jalan Lingkaran No.Kelurahan, Tuktuk Siadong, Simanindo, Kabupaten Samosir, Sumatera Utara 22395

Rating : 4.4
"
restoran,Putra Kembar Coffee Shop & Resto,"
Nama Restoran : Putra Kembar Coffee Shop & Resto

Harga : 25.000 – 50.000

Jam Operasional : 

Menu Favorit : Kopi, Indomie Kuah, Sop Iga, Teh Manis Panas, Susu Coklat, Saos Asam Manis Dan Saos Padang, Limun Sarsaparilla Cap Badak, Ayam Geprek, Bandrek Susu, Mie Instan Feat Limun Cap Badak, Telur Asin, Chicken Steak

Fasilitas : 

Alamat : Warkop Panorama I Panatapan PARAPAT, Jl. Lintas Sumatera, Sibaganding, Pahae Julu, Kabupaten Tapanuli Utara, Sumatera Utara 22463

Rating : 4.2
"
restoran,Yolanda Restaurant,"
Nama Restoran : Yolanda Restaurant

Harga : 50.000 – 75.000

Jam Operasional : 

Menu Favorit : Gado Gado, Buah Sirsak, Tempe & Tahu Sambal, Nila Asam Manis Capcay Dan Nila, Fried Noodle Egg, Ikan Bakar BBQ Fish, Kue Kering, Pork Fried Rice, Birthday Cake, Taco Banana, Pork Saksang, Fried Rice Pork, BBQ Pork, Lemang Hudon Ayam Gulai, Home Cake, Napinadar Chicken with Vegetables, Chicken Curry with Vegetables, Tempe and Tahu Goreng, Egg and Vegetable Noodle Soup, Food Pork

Fasilitas : 

Alamat : Jl. Lkr. Tuktuk, Tuktuk Siadong, Simanindo, Kabupaten Samosir, Sumatera Utara 22395

Rating : 4.9
"
restoran,Sekapur Sirih,"
Nama Restoran : Sekapur Sirih

Harga : 75.000 - 100.000

Jam Operasional : 

Menu Favorit : Grilled Fish, Ikan Nila Goreng Sambal Tuk Tuk, Ayam Gulai, Tumis Kangkung, Lobster Air Tawar Goreng, Ikan Panggang Dan Daun Ubi Tumbuk, Ikan Bakar - Sekapur Sirih, Kangkung Pasta Shrimp, Ikan Arsik & Panggang Soup Lobster, Markisa, Mixed Vegatables, Sambal Kecap Dan Andaliman, Daun Ubi Tumbuk - Sekapur Sirih, Ayam Na Pinadar Halal Dan Sayur, Tauge Tumi

Fasilitas : 

Alamat : Jl. Lkr. Tuktuk, Tuktuk Siadong, Simanindo, Kabupaten Samosir, Sumatera Utara 22395

Rating : 4.4
"
restoran,LA PINUS DAMASUS BISTRO & RESTO,"
Nama Restoran : LA PINUS DAMASUS BISTRO & RESTO

Harga : 25.000 – 50.000

Jam Operasional : 

Menu Favorit : Lobster Saus Tiram, Ikan Nila Goreng, Kentang Goreng, Udang Saos Tiram, Cabe Andaliman, Mie Goreng, Kopi Susu, Tahu Tempe Goreng, Lemon Tea, Indomie Kuah, Kopi Hitam, CAH Kangkung, Ayam Geprek, Fish Damasus Sauces, Fruits Soup and Salad

Fasilitas : 

Alamat : Dekat Simpang Hotel Patra Jasa, Jl Siborong borong Panatapan Sibaganding Parapat Danau Toba, Sipangan Bolon, Sipanganbolon, Simalungun Regency

Rating : 4.1
"
restoran,Rumah Makan Rahmat,"
Nama Restoran : Rumah Makan Rahmat

Harga : 25.000 – 50.000

Jam Operasional : 

Menu Favorit : Mie Goreng, Nasi Ayam Penyet, Fried Rice Meat Removed, Banana Pancake, Spesial Fried Rice

Fasilitas : 

Alamat : MVG2+W7H, Jalan Lingkar Tuktuk Tuktuk Siadong, Kabupaten, Simanindo, Sumatera Utara 22395

Rating : 4.8
"
restoran,Matahari restaurant and Homestay,"
Nama Restoran : Matahari restaurant and Homestay

Harga : 200000

Jam Operasional : 

Menu Favorit : Pork Schnitzel with Bratkartoffeln, Fried Rice Special, Pork Sambal, Frenh Fries, Chicken with Sambal, French Fries & Mixed Salads

Fasilitas : Cocok untuk anak anak

Alamat : MVC6+P9G, Tuktuk Siadong, Simanindo, Kabupaten Samosir, Sumatera Utara 22395

Rating : 4.3
"
restoran,ANDRIAN RUMAH MAKAN NASIONAL,"
Nama Restoran : ANDRIAN RUMAH MAKAN NASIONAL

Harga : 25.000 – 50.000

Jam Operasional : 

Menu Favorit : Seafood Nasi Goreng, Nila Asam Manis, Kopi Susu, Jus Nanas, Ikan Asam Manis, Ikan Saus Tauco, Nasi Putih, Ifu Mie Goreng, Kopi Tubruk, Gurami Tauco

Fasilitas : 

Alamat : Jl. Lkr. Tuktuk No.Kelurahan, Tuktuk Siadong, Simanindo, Kabupaten Samosir, Sumatera Utara 22395

Rating : 4.4
"
restoran,Restaurant DUGUL,"
Nama Restoran : Restaurant DUGUL

Harga : 25.000 – 50.000

Jam Operasional : 

Menu Favorit : 

Fasilitas : 

Alamat : Pinda raya desa siallagan pinda raya, Kabupaten Samosir, Sumatera Utara 22395

Rating : 4.6
"
restoran,TaTaring Coffee & Resto,"
Nama Restoran : TaTaring Coffee & Resto

Harga : 25.000 – 50.000

Jam Operasional : 

Menu Favorit : Nasi Goreng Spesial, Pasta Ayam, Lobster Goreng, Chill, Chicken Garlic Sauce, Strawberry Smoothies, Bakwan, Lemon Tea, Vegetable Samosa, Jus Alpukat, Red Velvet Latte, Local Coffee, Pisang Pasir, Avocado Coffee, Chicken Schnitzel with Fries, Yogurt Bowl with Fruit and Muesli, Jus Sirsak, Jus Martabe, Fried Chicken N French Fries, Bihun Goreng

Fasilitas : 

Alamat : MVF2+9W, Tuktuk Siadong, Simanindo, Kabupaten Samosir, Sumatera Utara

Rating : 4.7
"
restoran,Widya Restaurant,"
Nama Restoran : Widya Restaurant

Harga : 75.000 - 100.000

Jam Operasional : 

Menu Favorit : Lobster Lada Hitam, Udang Masak Pedas Manis, Lobster Lake Toba, Nasi Goreng, Lobster Oyster Sauce, Nila Saos Tiramisu, Lobster Fried, Badak Carbonated Drink Sarsi, CAH Kangkung, Kelapa Muda, Lobster Saus Tiram Dan Ikan Bakar, BBQ Lobster, Udang Bakar, Omelette, BBQ Giant Shrimps with Sweet Soya, Teh Tawar, Lobster Butter, Capcai Seafood

Fasilitas : 

Alamat : Jl. Lkr. Tuktuk No.Kelurahan, Tuktuk Siadong, Simanindo, Kabupaten Samosir, Sumatera Utara 22395

Rating : 4.4
"
restoran,Poppy's Restaurant & Guest House,"
Nama Restoran : Poppy's Restaurant & Guest House

Harga : 25.000 – 50.000

Jam Operasional : 

Menu Favorit : Pancake with honey, american breakfast, filled pancake, vege omelette

Fasilitas : 

Alamat : Jl. Lkr. Tuktuk No.Kelurahan, Tuktuk Siadong, Simanindo, Kabupaten Samosir, Sumatera Utara 22395

Rating : 4.7
"
restoran,Rumah Makan Muslim Penginapan,"
Nama Restoran : Rumah Makan Muslim Penginapan

Harga : 25000

Jam Operasional : 

Menu Favorit : Ayam Goreng, Jahir gulai

Fasilitas : Halal

Alamat : JM6W+65X, Jl. Sisingamangaraja, Pardomuan I, Kec. Pangururan, Kabupaten Samosir, Sumatera Utara 22392

Rating : 4.4
"
restoran,BONA PANATAPAN CAFE,"
Nama Restoran : BONA PANATAPAN CAFE

Harga : 15.000 - 30.000

Jam Operasional : 

Menu Favorit : Nasi Goreng

Fasilitas : 

Alamat : Jl. Pangururan, Siogung-Ogung, Kec. Pangururan, Kabupaten Samosir, Sumatera Utara

Rating : 4.8
"
restoran,BPK TORANG dan IKAN BAKAR,"
Nama Restoran : BPK TORANG dan IKAN BAKAR

Harga : 25.000 – 50.000

Jam Operasional : 

Menu Favorit : Skasang Tanpa Gota Darah, Saksang Namargota Darah, Dali ni Horbo atau Susu Kerbau

Fasilitas : 

Alamat : Jalan lurus garoga, Tuktuk Siadong, Sumatera Utara 22349

Rating : 4.8
"
restoran,Elios - Rumah Makan Khas Batak,"
Nama Restoran : Elios - Rumah Makan Khas Batak

Harga : 25.000 – 50.000

Jam Operasional : 

Menu Favorit : Babi Panggang, Ayam Kampung, Babi Guling, Jus Terong Belanda, Lobster Panggang, Saksang Dan Arsik Ikan Mas, Ayam Pinadar, Babi Goreng, Grilled Fish, Grilled Pork, Naniura

Fasilitas : 

Alamat : Jl. Lkr. Tuktuk No.Desa, Tuktuk Siadong, Simanindo, Kabupaten Samosir, Sumatera Utara 22395

Rating : 3.7
"
restoran,RM SIAEK MUAL,"
Nama Restoran : RM SIAEK MUAL

Harga : 25.000 – 75.000

Jam Operasional : 

Menu Favorit : Babi Kecap, Babi Arsik, Susu Kerbau

Fasilitas : 

Alamat : Jl. Gereja, Ps. Pangururan, Kec. Pangururan, Kabupaten Samosir, Sumatera Utara 22392

Rating : 4.5
"
restoran,Siny Siny Samosir,"
Nama Restoran : Siny Siny Samosir

Harga : 25.000 – 50.000

Jam Operasional : 

Menu Favorit : Japanese Food

Fasilitas : Halal

Alamat : Jl.Putri Lopian, Ps.Pangururan Taman Batu Waterfront City Pangururan Segmen 2, Kabupaten Samosir, Sumatera Utara 22392

Rating : 4.8
"
restoran,Warung Pesona Alam,"
Nama Restoran : Warung Pesona Alam

Harga : 10.000 - 25.000

Jam Operasional : 

Menu Favorit : Nasi Bali, Kopi Dan Teh, Teh Manis, Ayam Bali, Badak, Nasi Campur Babi, Ikan Jair, Nenas Prapat

Fasilitas : 

Alamat : MWWF+24J, Jl. Siborongborong - Parapat, Sibaganding, Kec. Girsang Sipangan Bolon, Kabupaten Simalungun, Sumatera Utara 21174

Rating : 4.3
"
restoran,Wisata Bagot,"
Nama Restoran : Wisata Bagot

Harga : 25.000 – 50.000

Jam Operasional : 

Menu Favorit : Tuak Tangkasan, Ayam Pinadar, Bolu Bagot

Fasilitas : 

Alamat : JMPW+6R7, Unnamed Road, Parlondut, Pangururan, Samosir Regency, North Sumatra 22392

Rating : 4.7
"
restoran,Rumah Makan Islam Mami Tempo,"
Nama Restoran : Rumah Makan Islam Mami Tempo

Harga : 25.000 – 50.000

Jam Operasional : 

Menu Favorit : Nasi Goreng, Ayam Penyet, Soto Ayam, Ikan Nila Goreng

Fasilitas : 

Alamat : MVG3+H7F, Jl. Lkr. Tuktuk, Tuktuk Siadong, Simanindo, Kabupaten Samosir, Sumatera Utara 22395

Rating : 4.3
"
restoran,Qta Coffee And Resto,"
Nama Restoran : Qta Coffee And Resto

Harga : 15.000 - 30.000

Jam Operasional : 

Menu Favorit : Pisang Barangan, Bakwan Goreng, Stick Ubi

Fasilitas : 

Alamat : Jl. Simbolon Purba, Sigaol Simbolon, Kec. Pangururan, Kabupaten Samosir, Sumatera Utara 22392

Rating : 4.3
"
restoran,PALITO COFFEE AND RESTO,"
Nama Restoran : PALITO COFFEE AND RESTO

Harga : 25.000 – 50.000

Jam Operasional : 

Menu Favorit : Mie Gomak campur Daging, Aglio Olio, Nasi Ayam Bakar Taliwang, Palito Sunrise Perpaduan, Hot Chocolate

Fasilitas : 

Alamat : JP52+655, Ps. Pangururan, Kec. Pangururan, Kabupaten Samosir, Sumatera Utara 22392

Rating : 4.1
"
restoran,FAMILY RESTO,"
Nama Restoran : FAMILY RESTO

Harga : 25.000 – 50.000

Jam Operasional : 

Menu Favorit : Nasi Goreng Ayam

Fasilitas : Halal

Alamat : Jl. Gereja, Sait Nihuta, Kec. Pangururan, Kabupaten Samosir, Sumatera Utara 22390

Rating : 4.8
"
restoran,"Warung Kopi Synergy,Samosir","
Nama Restoran : Warung Kopi Synergy,Samosir

Harga : 25.000 – 50.000

Jam Operasional : 

Menu Favorit : Wedang Uwuh Ala Synergy Dan Burger, Kopi Tubruk Dari Kopi Asli Samosir, Hot Cappucino, Kopi Susu Terbaik, Kopi Susu Dingin, Kopi Kemasan Samosir 200 Gram, Cappuccino, Vietnam Drip, Soto, Menu Non Kopi, Cortado, AeroPress, Cold Natural Coffee Synergy, Specialty Coffee, Espresso, Coffee Avocado

Fasilitas : 

Alamat : Warung Kopi Synergy, Pardomuan I, Kec. Pangururan, Kabupaten Samosir, Sumatera Utara 22392

Rating : 4.5
"
restoran,Pondok Kolding Pangururan.samosir,"
Nama Restoran : Pondok Kolding Pangururan.samosir

Harga : 10.000 – 50.000

Jam Operasional : 

Menu Favorit : Mie Ayam Bakso, Bakso bakar, Kwetiaw Goreng, Bakso Urat, Vitamin Shake

Fasilitas : 

Alamat : Jl. Patuan anggi, Ps. Pangururan, Kec. Pangururan, Kabupaten Samosir, Sumatera Utara 22392

Rating : 4.1
"
restoran,ALZA CEMILAN KOREAN STREET FOOD GRILL AND FROZEN FOOD HALAL,"
Nama Restoran : ALZA CEMILAN KOREAN STREET FOOD GRILL AND FROZEN FOOD HALAL

Harga : 25.000 – 50.000

Jam Operasional : 

Menu Favorit : 

Fasilitas : 

Alamat : JP34+348 Terminal Onan Baru, Pardomuan I, Kec. Pangururan, Kabupaten Samosir, Sumatera Utara

Rating : 5.0
"
restoran,Rumah Makan Khas Batak Moranta Simbolon,"
Nama Restoran : Rumah Makan Khas Batak Moranta Simbolon

Harga : 25.000 – 50.000

Jam Operasional : 

Menu Favorit : Ikan Jahir Goreng, Babi Panggang

Fasilitas : 

Alamat : Jl. Gereja, Kabupaten Samosir, Sumatera Utara 22392

Rating : 4.5
"
restoran,Rumba Restaurant,"
Nama Restoran : Rumba Restaurant

Harga : 50.000 – 100.000

Jam Operasional : 

Menu Favorit : Rosti, French Fries, Pork Steak, Pizza Ham, Ham Pizza Rumba, Chicken Cordon Bleu, Pizza Mozarella Musroom, Nasi Goreng Spesial, Röschti Rumba, Chicken Steak, Fried Rice, Avocado Carrot Salad, Pizzeria, Pizza Margharita, Cordonbleu, Teh Jahe, Nasi Babi, Bratkartoffel, Pork Fried with Sambal

Fasilitas : 

Alamat : Jl. Lkr. Tuktuk No.Desa, Tuktuk Siadong, Simanindo, Kabupaten Samosir, Sumatera Utara 22395

Rating : 4.3
"
restoran,Samosir Villa Restaurant,"
Nama Restoran : Samosir Villa Restaurant

Harga : 50.000 - 75.000

Jam Operasional : 

Menu Favorit : 

Fasilitas : 

Alamat : Jl. Lkr. Tuktuk No.Kelurahan, Tuktuk Siadong, Simanindo, Kabupaten Samosir, Sumatera Utara 22395

Rating : 4.4
"
restoran,3J Lamongan Cafe n Resto,"
Nama Restoran : 3J Lamongan Cafe n Resto

Harga : 25.000 – 50.000

Jam Operasional : 

Menu Favorit : 

Fasilitas : 

Alamat : JP32+P2W, Pardomuan I, Kec. Pangururan, Kabupaten Samosir, Sumatera Utara

Rating : 4.1
"
restoran,Rumah Makan Islam Murni TukTuk Siadong,"
Nama Restoran : Rumah Makan Islam Murni TukTuk Siadong

Harga : 25.000 – 50.000

Jam Operasional : 

Menu Favorit : Ayam Goreng, Gulai Kepala Ikan Nila, Nasi Putih Rendang Daging, Daging Rendang

Fasilitas : 

Alamat : Tuktuk Siadong, Simanindo, Kabupaten Samosir, Sumatera Utara 22395

Rating : 4.3
"
restoran,BPK ( Babi Panggang Karo) Sembiring,"
Nama Restoran : BPK ( Babi Panggang Karo) Sembiring

Harga : 25.000 – 50.000

Jam Operasional : 

Menu Favorit : Babi Panggang Karo

Fasilitas : 

Alamat : JM5W+89W, Ps. Pangururan, Kec. Pangururan, Kabupaten Samosir, Sumatera Utara 22392

Rating : 4.1
"
restoran,Samuel's Restaurant,"
Nama Restoran : Samuel's Restaurant

Harga : 75.000 - 100.000

Jam Operasional : 

Menu Favorit : Rendang, Beer, Babi Panggang Karo

Fasilitas : 

Alamat : Samuel Restaurant Tuktuk, Jl. Lkr. Tuktuk, Tuktuk Siadong, Simanindo, Kabupaten Samosir, Sumatera Utara 22395

Rating : 4.7
"
restoran,Orari Restaurant,"
Nama Restoran : Orari Restaurant

Harga : 20.000 - 50.000

Jam Operasional : 

Menu Favorit : Ikan Bakar, Pizza Andaliman, Nasi Goreng Sayur & Telur, Jus Wortel Jeruk, Kopi Coklat, Ayam Fillet, Cumi Goreng, Pecel, Roasted Nila Fish, Fish and Chips, Chicken Steak with Fried, Curry Fish, Fried Fish with Salad, Sandwich, Spicy Sauce, Vegetable Curry, Fried Chicken with Salad, Fish in Soy Sauce

Fasilitas : 

Alamat : MVG3+RVV, Jl. Lkr. Tuktuk, Tuktuk Siadong, Simanindo, Kabupaten Samosir, Sumatera Utara 22395

Rating : 3.9
"
restoran,Horas Vegetarian Restaurant,"
Nama Restoran : Horas Vegetarian Restaurant

Harga : 50.000 – 75.000

Jam Operasional : 

Menu Favorit : Soya Sauce Chicken, Fried Noodles with Tempeh, Vegan Randang, Vegetable Curry, Butterfly Pea Tea, Banana Chocolate Pancake, Chapati with Pumpkin Curry

Fasilitas : 

Alamat : Tuktuk Siadong, Kabupaten Samosir, Sumatera Utara

Rating : 4.8
"
restoran,RM BPK MAN KENA (bang gurning),"
Nama Restoran : RM BPK MAN KENA (bang gurning)

Harga : 25.000 – 50.000

Jam Operasional : 

Menu Favorit : Babi Panggang Karo, Kidu Kidu

Fasilitas : 

Alamat : PM4R+MR6, Sialanguan, Kec. Pangururan, Kabupaten Samosir, Sumatera Utara

Rating : 4.2
"
restoran,Rumah Makan Nasional,"
Nama Restoran : Rumah Makan Nasional

Harga : 25.000 – 50.000

Jam Operasional : 

Menu Favorit : Seefood Nasi Goreng, Nila Asam Manis, Kopi Susu, Jus Nanas, Ikan Asam Manis, Ikan Saus Tauco, Nasi Putih, Ifu Mie Goreng, Kopi Tubruk, Gurami Tauco

Fasilitas : 

Alamat : Jl. Lkr. Tuktuk No.Kelurahan, Tuktuk Siadong, Simanindo, Kabupaten Samosir, Sumatera Utara 22395

Rating : 5.0
"
restoran,Lapo Barat (RESTAURANT & CATERING),"
Nama Restoran : Lapo Barat (RESTAURANT & CATERING)

Harga : 25.000 – 50.000

Jam Operasional : 

Menu Favorit : Makanan Batak

Fasilitas : 

Alamat : Ps. Pangururan, Kec. Pangururan, Kabupaten Samosir, Sumatera Utara 22392

Rating : 4.2
"
restoran,Resto Family 9.9,"
Nama Restoran : Resto Family 9.9

Harga : 

Jam Operasional : 

Menu Favorit : 

Fasilitas : 

Alamat : Dermaga pustaha waterfront city, Ps. Pangururan, Kec. Pangururan, Kabupaten Samosir, Sumatera Utara 22392

Rating : 3.0
"
restoran,Rumah Makan Islam Monggo,"
Nama Restoran : Rumah Makan Islam Monggo

Harga : 25.000 –50.000

Jam Operasional : 

Menu Favorit : Ikan Mujahir, Ayam Goreng, Indomie

Fasilitas : Halal

Alamat : Jl. Lkr. Tuktuk, Tuktuk Siadong, Simanindo, Kabupaten Samosir, Sumatera Utara 22395

Rating : 4.1
"
restoran,Restaurant Sehat,"
Nama Restoran : Restaurant Sehat

Harga : 50.000 – 75.000

Jam Operasional : 

Menu Favorit : Bistik Babi, Samcan Goreng, Shrimp Tauco, Kopi Susu, Ikan Mas Gurih, Ayam Goreng Bistik Tauco Udang, Nila Goreng Enak Euy, Tauge Tumis, Capcay Goreng, Sweet and Sour Fish, Chinese Tea, Fish Ball's Soup, Pork Bistek, Fried Samcan, Fried Bamboo, Kwetiau Goreng, Ifumie Goreng, Udang Mentega Dan Poileng, Sawit Tumis, Oriental Fried Chicken

Fasilitas : 

Alamat : Jl. Sisingamangaraja Jl. Parapat No.43, Tiga Raja, Kec. Girsang Sipangan Bolon, Kabupaten Simalungun, Sumatera Utara 21174

Rating : 4.0
"
restoran,Restaurant Asia,"
Nama Restoran : Restaurant Asia

Harga : 50.000 – 75.000

Jam Operasional : 

Menu Favorit : Nasi Goreng, Bistik Babi, Bihun Goreng Telur, Ikan Nila Asam Manis, Ayam Goreng Telur, Udang Asam Manis, Tukha Bihun, Sayur Puileng Tumis, Bihun Kuah, Ikan Sunhok Kukus, Telur Lapchiong, Ayam Mentega, Tu Kha Bihun Kaki Babi, Kopi Hitam, Tauco Udang, Fu Yung Hai, Scrambled Eggs, Udang Goreng Tepung, Samcan Goreng, Cap Cay Babi Kecap Nila Tauco

Fasilitas : 

Alamat : Jl. Sisingamangaraja No.65, Parapat, Kec. Girsang Sipangan Bolon, Kabupaten Simalungun, Sumatera Utara 21174

Rating : 4.4
"
restoran,Pagar Batu Resto & PENGINAPAN,"
Nama Restoran : Pagar Batu Resto & PENGINAPAN

Harga : 25.000 – 50.000

Jam Operasional : 

Menu Favorit : Nasi Ayam Penyet, Chicken Katsu, Aneka Juice

Fasilitas : 

Alamat : Jalan sibea bea ujung, Tuuk Sihotang, Kec. Harian, Kabupaten Samosir, Sumatera Utara

Rating : 4.2
"
restoran,Warung Muslim Pecel Lele Dan Bakso Raksasa Pak Aziz,"
Nama Restoran : Warung Muslim Pecel Lele Dan Bakso Raksasa Pak Aziz

Harga : 18.00 - 100.000

Jam Operasional : 

Menu Favorit : Pecel lele, Lobster, Bakso

Fasilitas : 

Alamat : MR6X+2FG, Tuktuk Siadong, Simanindo, Kabupaten Samosir, Sumatera Utara

Rating : 4.5
"
restoran,Pondok Makan & Home Stay H. Karsim,"
Nama Restoran : Pondok Makan & Home Stay H. Karsim

Harga : 25.000 – 50.000

Jam Operasional : 

Menu Favorit : Ayam Geprek Sambal Andaliman, Steak Ayam Chrispi, Nasi Kotak, Nasi Ayam Geprek, Soto Medan, Nasi Tumpeng, Es Kepal Milo, Bubur Pedas Jakarta, Ayam Geprek Box, Rendang Jengkol, Tauco Udang Dan Sambal Telur, Tauco Kikil, Barbeque, Seafood Ngaprak, Terong Sambel, Bahan Omelette, Tumis Wortel Buncis, Lontong Sayur, Ikan Mas Bumbu Arsik, Smoza

Fasilitas : 

Alamat : Jl. Josep Sinaga No.20, Danau Toba, Kec. Girsang Sipangan Bolon, Kabupaten Simalungun, Sumatera Utara 21174

Rating : 5.0
"
restoran,Rumah Makan Marina,"
Nama Restoran : Rumah Makan Marina

Harga : 25.000 – 50.000

Jam Operasional : 

Menu Favorit : Bihun Goreng, Kari Kambing, Pari Goreng, Ikan Asin Pari, Kerang Pedas, Lauk Pauk, Kwetiau Goreng Seafood

Fasilitas : 

Alamat : Jl. Haranggaol No.48, Tiga Raja, Kec. Girsang Sipangan Bolon, Kabupaten Simalungun, Sumatera Utara 21174

Rating : 4.5
"
restoran,Rumah Makan Elizabeth,"
Nama Restoran : Rumah Makan Elizabeth

Harga : 25.000 – 50.000

Jam Operasional : 

Menu Favorit : Kopi Susu, Kopi Hitam, Indomie Kuah Dan Teh Manis Hangat, Indomie Kuah Dan Jeruk Hangat, Indomie Kuah Dan Kopi, Telur Bebek, Indomie Telur, Ikan Nila Bakar, Sambal Ikan Bakar, Ikan Bakar Tumis Kangkung Telor

Fasilitas : 

Alamat : Jalan Panatapan No.Kelurahan, Sipangan Bolon, Simpangan Bolon, Kabupaten Simalungun, Sumatera Utara 21174

Rating : 5.0
"
restoran,Rumah Makan Islam Murni,"
Nama Restoran : Rumah Makan Islam Murni

Harga : 25.000 – 50.000

Jam Operasional : 

Menu Favorit : Ayam Goreng, Gulai Kepala Ikan Nila, Nasi Putih Rendang Daging

Fasilitas : 

Alamat : Tuktuk Siadong, Simanindo, Kabupaten Samosir, Sumatera Utara 22395

Rating : 
"
restoran,Pondok Azzahra,"
Nama Restoran : Pondok Azzahra

Harga : 10.000 – 25.000

Jam Operasional : 

Menu Favorit : Ayam Goreng, Nasi Goreng, Indomie, Nasi Gurih

Fasilitas : 

Alamat : Jl. Sisingamangaraja, Parapat, Kec. Girsang Sipangan Bolon, Kabupaten Simalungun, Sumatera Utara 21174

Rating : 4.3
"
restoran,RM. Siganupari Ajibata,"
Nama Restoran : RM. Siganupari Ajibata

Harga : 25.000 – 50.000

Jam Operasional : 

Menu Favorit : Panggang Babi, Saksang, Sop isi, Ikan Nila Panggang

Fasilitas : 

Alamat : Jl. Motung Sibisa, Pardamean Ajibata, Kec. Ajibata, Toba, Sumatera Utara 21174

Rating : 4.3
"
restoran,Hotel and Restaurant Singgalang,"
Nama Restoran : Hotel and Restaurant Singgalang

Harga : 

Jam Operasional : 

Menu Favorit : Bandrek, Sop Perut Ikan, Sayur Kangkung Dan Ikan Nila, Juice Jeruk, Nasi Goreng, Udang Tauco, Ikan Tauco, Udang Goreng Tepung Oats, Ifu Mie Goreng, Es Kopi Susu, Padang Restaurant Assorted Meals, Stir Fry Cuttlefish, Stir Fried Bean Sprouts, Stir Fried Mix Vegetables, Ayam Penyet, Hot Plate Tofu, Garlic Chicken, Kwetiaw Goreng, Stir Fry Vermicelli

Fasilitas : 

Alamat : Jl. Sisingamangaraja No.52, Tiga Raja, Kec. Girsang Sipangan Bolon, Kabupaten Simalungun, Sumatera Utara 21174

Rating : 4.7
"
restoran,ARTOMORO LAMONGAN,"
Nama Restoran : ARTOMORO LAMONGAN

Harga : 1.000 - 25.000

Jam Operasional : 

Menu Favorit : Bakso, Seafood, Mie Ayam

Fasilitas : 

Alamat : Simanindo, Jl sidolon dolon, Dosroha, Simanindo, Kabupaten Samosir, Sumatera Utara 22395

Rating : 4.0
"
restoran,"Rumah Makan ""PONDOK KAREN""","
Nama Restoran : Rumah Makan ""PONDOK KAREN""

Harga : 25.000 – 50.000

Jam Operasional : 

Menu Favorit : 

Fasilitas : 

Alamat : MX62+2CM, Jl. Siborongborong - Parapat, Tiga Raja, Kec. Girsang Sipangan Bolon, Kabupaten Simalungun, Sumatera Utara 21174

Rating : 4.0
"
restoran,Warung Bikers Parapat,"
Nama Restoran : Warung Bikers Parapat

Harga : 25.000 – 50.000

Jam Operasional : 

Menu Favorit : Kopi Hitam, Daging Cingcang, Nasi Ayam Goreng Sambal, Ikan Mas Arsik, Makanan Halal, Nasi Putih Ayam Goreng Sambal, Hidangan Dengan Masakan Rumahan, Lele Goreng Sayur Ubi, Kentang Goreng Lalapan, Ikan Cabe Jengkol

Fasilitas : 

Alamat : MW8V+WWF, Jalan Lintas, Jl. Sisingamangaraja, Parapat, Kec. Girsang Sipangan Bolon, Kabupaten Simalungun, Sumatera Utara 21171

Rating : 4.4
"
restoran,Poncha CLBK,"
Nama Restoran : Poncha CLBK

Harga : 1.000 - 20.000

Jam Operasional : 

Menu Favorit : Ketroprak Getir, Bolu Aneka By Po, Seblak Kwetiauw, Bolu Coklat Kribo By Order, Ada Bolu Nya Loh, Bubur Ayam Jakarta, Black N White Bolu

Fasilitas : 

Alamat : Unnamed Road, Cinta Dame, Simanindo, Kabupaten Samosir, Sumatera Utara 22395

Rating : 4.6
"
restoran,Rumah makan safitri,"
Nama Restoran : Rumah makan safitri

Harga : 1.000 - 20.000

Jam Operasional : 

Menu Favorit : Kopi, Indomie

Fasilitas : 

Alamat : MWGM+588, Sumatera Utara 21174

Rating : 4.9
"
restoran,Kedai bakmie & Kopi Serasi,"
Nama Restoran : Kedai bakmie & Kopi Serasi

Harga : 25.000 – 50.000

Jam Operasional : 

Menu Favorit : Nasi Goreng, Mie Pangsit, Pangsit Goreng

Fasilitas : 

Alamat : Jl. Sisingamangaraja No.143, Parapat, Kec. Girsang Sipangan Bolon, Kabupaten Simalungun, Sumatera Utara 21174

Rating : 3.2
"
restoran,RM muslim MENARA,"
Nama Restoran : RM muslim MENARA

Harga : 25.000 – 50.000

Jam Operasional : 

Menu Favorit : Nasi Goreng, Kopi

Fasilitas : 

Alamat : Jl. Sisingamangaraja, Parapat, Kec. Girsang Sipangan Bolon, Kabupaten Simalungun, Sumatera Utara 21174

Rating : 5.0
"
restoran,Rumah Makan Muslim Hajjah Zuleka,"
Nama Restoran : Rumah Makan Muslim Hajjah Zuleka

Harga : 25.000 – 50.000

Jam Operasional : 

Menu Favorit : Ayam Pecak Betawi, Telur Balado

Fasilitas : 

Alamat : Jalan Sisingamangaraja Depan Pantai Bebas, Parapat, Kec. Girsang Sipangan Bolon, Kabupaten Simalungun, Sumatera Utara 21174

Rating : 4.0
"
restoran,Rumah Makan khas batak Tiurma siboro,"
Nama Restoran : Rumah Makan khas batak Tiurma siboro

Harga : 25.000 – 50.000

Jam Operasional : 

Menu Favorit : babi Panggang, Ikan Mas Arsik, Saksang Babi, Ubi Tumbuk, Babi Goreng

Fasilitas : 

Alamat : Jl. Josep Sinaga No.227, Tiga Raja, Kec. Girsang Sipangan Bolon, Kabupaten Simalungun, Sumatera Utara 21174

Rating : 4.0
"
restoran,Warkop Panorama I Panatapan PARAPAT,"
Nama Restoran : Warkop Panorama I Panatapan PARAPAT

Harga : 25.000 – 50.000

Jam Operasional : 

Menu Favorit : Indomie Kuah, Nasi Goreng, Kopi Susu, Jahe Susu, Ice Coffee, Tea, Mie Goreng

Fasilitas : 

Alamat : MWMG+R92, Sibaganding, Kec. Girsang Sipangan Bolon, Kabupaten Simalungun, Sumatera Utara 21174

Rating : 4.8
"
restoran,Kafe Pak Pos,"
Nama Restoran : Kafe Pak Pos

Harga : 25.000 – 50.000

Jam Operasional : 

Menu Favorit : Ikan Nila Tauco, Ayam Penyet, Kari Kambing, Ayam Goreng, Jus Jambu, Mie Sop Ayam, Teh Manis Panas, Nasi Ayam Cabe Ijo, Mujair Sambal Ijo, Piscok Kopi, Lele Cabe Ijo, Sayur Capcai, Nasi Campur, Tumis Kangkung, Gado Gado, Mujair Asam Manis Dan Nasi, Telur Penyet Dan Nasi, Ikan Tumis Cabai, Udang Goreng Tepung, Ikan Mas Goreng

Fasilitas : 

Alamat : Jl. Sisingamangaraja, Tiga Raja, Kec. Girsang Sipangan Bolon, Kabupaten Simalungun, Sumatera Utara 21174

Rating : 4.5
"
restoran,RUMAH MAKAN KHAS BATAK PARAPAT,"
Nama Restoran : RUMAH MAKAN KHAS BATAK PARAPAT

Harga : 25.000 – 50.000

Jam Operasional : 

Menu Favorit : Ikan Bakar, Daging Babi Panggang

Fasilitas : 

Alamat : Jl. Sisingamangaraja, Sipangan Bolon, Kec. Girsang Sipangan Bolon, Kabupaten Simalungun, Sumatera Utara 21174

Rating : 4.1
"
restoran,Hidangan Muslim Rumah Makan CHARISSA,"
Nama Restoran : Hidangan Muslim Rumah Makan CHARISSA

Harga : 15.00 - 50.000

Jam Operasional : 

Menu Favorit : Napinadar, Mie Goreng, Aneka Juice

Fasilitas : 

Alamat : Kaldera, Pardamean Sibisa, Kec. Ajibata, Toba, Sumatera Utara 22386

Rating : 4.1
"
restoran,RM. Nasional Sampean Uli,"
Nama Restoran : RM. Nasional Sampean Uli

Harga : 25.000 – 50.000

Jam Operasional : 

Menu Favorit : Ayam Rias, Food Fresh Fruit, Juice Avocado, Napinadar

Fasilitas : 

Alamat : Jalan Lingkar Simbolon Air Panas No.Desa, Sigaol Simbolon, Kec. Palipi, Kabupaten Samosir, Sumatera Utara 22393

Rating : 4.8
"
restoran,Rumah makan muslim nikmat,"
Nama Restoran : Rumah makan muslim nikmat

Harga : 

Jam Operasional : 

Menu Favorit : Ayam Goreng, Ikan Jahir

Fasilitas : Halal

Alamat : MW7J+29H, Sumatra, Tiga Raja, Kec. Girsang Sipangan Bolon, Kabupaten Simalungun, Sumatera Utara 21174

Rating : 4.2
"
restoran,RM. Parapat,"
Nama Restoran : RM. Parapat

Harga : 25.000 – 50.000

Jam Operasional : 

Menu Favorit : Makanan China

Fasilitas : 

Alamat : MW7V+72J, Tiga Raja, Kec. Girsang Sipangan Bolon, Kabupaten Simalungun, Sumatera Utara 21174

Rating : 5.0
"
restoran,Sigurgur Beach and Restaurant,"
Nama Restoran : Sigurgur Beach and Restaurant

Harga : 5.000 - 100.000

Jam Operasional : 

Menu Favorit : 

Fasilitas : 

Alamat : PPX7+JGM, Simarmata, Simanindo, Kabupaten Samosir, Sumatera Utara

Rating : 5.0
"
restoran,RUMAH MAKAN Nasional Sinurat,"
Nama Restoran : RUMAH MAKAN Nasional Sinurat

Harga : 25.000 – 50.000

Jam Operasional : 

Menu Favorit : Ayam Napinadar, Aneka acar, Aneka Juice

Fasilitas : 

Alamat : Jalan Lingkar Simbolon Air Panas No.Desa, Sigaol Simbolon, Kec. Palipi, Kabupaten Samosir, Sumatera Utara 22393

Rating : 4.4
"
transportasi,Mobil KBT (Koperasi Bintang Timur),"
Transportasi : Mobil KBT (Koperasi Bintang Timur)

Rute : Medan, Pemtang Siantar, Parapat, Porsea, Balige, Siborong borong, Tarutung, Dolok Sanggul, Muara, Pahae, Sipahutar, Penyabungan, Tantom

Harga : 50.000 - 90.000

Jenis Mobil : Mitsubishi L300 dgn 8 Kursi penumpang

Jam Operasional : 24 jam
"
transportasi,Mobil KBT (Koperasi Bintang Timur) Eksekutif,"
Transportasi : Mobil KBT (Koperasi Bintang Timur) Eksekutif

Rute : Medan, Pemtang Siantar, Parapat, Porsea, Balige, Siborong borong, Tarutung, Dolok Sanggul, Muara, Pahae, Sipahutar, Penyabungan, Tantom

Harga : 100.000 - 140.000

Jenis Mobil : Toyota Hiace Commuter

Jam Operasional : 24 jam
"
transportasi,Mobil KPT (Kevin Pratama Trans),"
Transportasi : Mobil KPT (Kevin Pratama Trans)

Rute : Medan, Tebing Tinggi, Siantar, Parapat, Laguboti, Porsea, Balige, Siborong borong, Tarutung

Harga : 70.000 - 80.000

Jenis Mobil : Mitsubishi L300 dgn 8 Kursi penumpang / Isuzu ELF dgn 14 Kursi Penumpang

Jam Operasional : 24 jam
"
transportasi,PT. Raja Napogos,"
Transportasi : PT. Raja Napogos

Rute : Tebing TInggi, Pematang Siantar, Parapat, Porsea, Parsoburan, Balige, Parlilitan, Siborong borong, Dolok Sanggul, Sibolga, Pakkat, Tarutung

Harga : 30.000 - 90.000

Jenis Mobil : Mitsubishi FUSO Canter

Jam Operasional : 07.00 - 22.00
"
transportasi,KMP Kaldera Toba,"
Transportasi : KMP Kaldera Toba

Rute : Balige ke Onan Runggu

Harga : 3.500 - 250.000

Jenis Mobil : Ferry

Jam Operasional : 06.30
"
transportasi,KMP Kaldera Toba,"
Transportasi : KMP Kaldera Toba

Rute : Onan Runggu ke Balige

Harga : 3.500 - 250.000

Jenis Mobil : Ferry

Jam Operasional : 08.00
"
transportasi,KMP Kaldera Toba,"
Transportasi : KMP Kaldera Toba

Rute : Onan Runggu ke Muara

Harga : 3.500 - 250.000

Jenis Mobil : Ferry

Jam Operasional : 11.30
"
transportasi,KMP Kaldera Toba,"
Transportasi : KMP Kaldera Toba

Rute : Muara ke Onan Runggu

Harga : 3.500 - 250.000

Jenis Mobil : Ferry

Jam Operasional : 13.00
"
transportasi,KMP Ihan Batak & KMP Pora - Pora,"
Transportasi : KMP Ihan Batak & KMP Pora - Pora

Rute : Ajibata ke Ambarita

Harga : 3.500 - 250.000

Jenis Mobil : Ferry

Jam Operasional : 07.30 - 20.00
"
transportasi,KMP Ihan Batak & KMP Pora - Pora,"
Transportasi : KMP Ihan Batak & KMP Pora - Pora

Rute : Ambarita ke Ajibata

Harga : 3.500 - 250.000

Jenis Mobil : Ferry

Jam Operasional : 09.00 - 21.15
"
transportasi,KMP Tao Toba I & KMP Tao Toba II,"
Transportasi : KMP Tao Toba I & KMP Tao Toba II

Rute : Ajibata ke Tomok

Harga : 3.500 - 250.000

Jenis Mobil : Ferry

Jam Operasional : 05.00 - 19.40
"
transportasi,KMP Tao Toba I & KMP Tao Toba II,"
Transportasi : KMP Tao Toba I & KMP Tao Toba II

Rute : Tomok ke Ajibata

Harga : 3.500 - 250.000

Jenis Mobil : Ferry

Jam Operasional : 06.00 - 21.00
"
transportasi,KMP Muara Putih I,"
Transportasi : KMP Muara Putih I

Rute : Muara ke Sipinggan

Harga : 3.500 - 250.000

Jenis Mobil : Ferry

Jam Operasional : 06.30 dan 15.30
"
transportasi,KMP Muara Putih I,"
Transportasi : KMP Muara Putih I

Rute : Sipinggan ke Muara

Harga : 3.500 - 250.000

Jenis Mobil : Ferry

Jam Operasional : 08.00 dan 17.00
"
transportasi,KMP Sumut I & KMP Sumut II,"
Transportasi : KMP Sumut I & KMP Sumut II

Rute : Tigaras ke Simanindo

Harga : 3.500 - 250.000

Jenis Mobil : Ferry

Jam Operasional : 07.00 - 19.00
"
transportasi,KMP Sumut I & KMP Sumut II,"
Transportasi : KMP Sumut I & KMP Sumut II

Rute : Simanindo ke Tigaras

Harga : 3.500 - 250.000

Jenis Mobil : Ferry

Jam Operasional : 08.00 - 20.00
"
